Date,Price,Open,High,Low,Change%
"Feb 19, 2018",64.581,64.39,64.66,64.215,0.30%
"Feb 18, 2018",64.39,64.39,64.39,64.39,0.27%
"Feb 16, 2018",64.215,63.875,64.23,63.815,0.49%
"Feb 15, 2018",63.9,63.96,63.98,63.875,-0.31%
"Feb 14, 2018",64.1,64.155,64.192,64.045,-0.26%
"Feb 13, 2018",64.265,64.275,64.275,64.265,-0.02%
"Feb 12, 2018",64.28,64.29,64.35,64.24,-0.15%
"Feb 09, 2018",64.375,64.425,64.438,64.285,0.12%
"Feb 08, 2018",64.3,64.39,64.39,64.15,0.03%
"Feb 07, 2018",64.28,64.22,64.312,64.045,0.08%
"Feb 06, 2018",64.23,64.36,64.405,64.1,0.14%
"Feb 05, 2018",64.14,64.24,64.24,64.01,0.02%
"Feb 02, 2018",64.13,64.125,64.2,63.74,0.23%
"Feb 01, 2018",63.98,63.65,64.065,63.56,0.68%
"Jan 31, 2018",63.55,63.68,63.752,63.55,-0.22%
"Jan 30, 2018",63.69,63.7,63.815,63.595,0.14%
"Jan 29, 2018",63.6,63.61,63.625,63.49,0.02%
"Jan 26, 2018",63.59,63.525,63.62,63.515,0.12%
"Jan 25, 2018",63.515,63.515,63.64,63.455,-0.23%
"Jan 24, 2018",63.66,63.74,63.74,63.63,-0.16%
"Jan 23, 2018",63.76,63.91,63.91,63.75,-0.20%
"Jan 22, 2018",63.89,63.89,64.01,63.725,0.09%
"Jan 19, 2018",63.83,63.68,63.87,63.635,-0.06%
"Jan 18, 2018",63.87,63.86,63.95,63.755,-0.02%
"Jan 17, 2018",63.885,64.08,64.08,63.772,-0.21%
"Jan 16, 2018",64.02,63.61,64.13,63.6,0.80%
"Jan 15, 2018",63.515,63.46,63.515,63.335,-0.15%
"Jan 12, 2018",63.61,63.6,63.73,63.49,-0.13%
"Jan 11, 2018",63.69,63.66,63.828,63.648,0.09%
"Jan 10, 2018",63.63,63.69,63.855,63.56,-0.06%
"Jan 09, 2018",63.67,63.485,63.73,63.425,0.31%
"Jan 08, 2018",63.475,63.335,63.53,63.245,0.21%
"Jan 05, 2018",63.34,63.36,63.425,63.323,-0.09%
"Jan 04, 2018",63.4,63.595,63.615,63.365,-0.17%
"Jan 03, 2018",63.505,63.555,63.575,63.45,0.07%
"Jan 02, 2018",63.46,63.7,63.77,63.44,-0.35%
"Jan 01, 2018",63.68,63.855,63.865,63.635,-0.25%
"Dec 29, 2017",63.84,64.055,64.07,63.79,-0.37%
"Dec 28, 2017",64.08,64.13,64.28,64.078,-0.06%
"Dec 27, 2017",64.12,64.075,64.185,64.075,0.11%
"Dec 26, 2017",64.05,64.04,64.125,64.028,0.05%
"Dec 25, 2017",64.02,64.02,64.02,64.02,0.00%
"Dec 22, 2017",64.02,64.06,64.09,64.02,0.00%
"Dec 21, 2017",64.02,64.02,64.14,64.01,-0.15%
"Dec 20, 2017",64.115,64.01,64.13,64.005,0.09%
"Dec 19, 2017",64.06,64.23,64.23,63.945,-0.23%
"Dec 18, 2017",64.21,64.16,64.73,64.09,0.20%
"Dec 15, 2017",64.08,64.14,64.175,64.015,-0.40%
"Dec 14, 2017",64.34,64.36,64.375,64.255,-0.19%
"Dec 13, 2017",64.46,64.54,64.56,64.425,0.08%
"Dec 12, 2017",64.41,64.42,64.53,64.4,0.09%
"Dec 11, 2017",64.355,64.455,64.455,64.315,-0.19%
"Dec 08, 2017",64.48,64.565,64.59,64.435,-0.14%
"Dec 07, 2017",64.57,64.51,64.61,64.49,0.06%
"Dec 06, 2017",64.53,64.445,64.555,64.398,0.26%
"Dec 05, 2017",64.36,64.3,64.468,64.23,-0.03%
"Dec 04, 2017",64.38,64.56,64.56,64.29,-0.22%
"Dec 01, 2017",64.52,64.505,64.52,64.49,0.05%
"Nov 30, 2017",64.49,64.55,64.635,64.41,0.20%
"Nov 29, 2017",64.36,64.42,64.52,64.28,-0.08%
"Nov 28, 2017",64.41,64.54,64.613,64.37,-0.10%
"Nov 27, 2017",64.477,64.715,64.828,64.477,-0.31%
"Nov 24, 2017",64.68,64.59,64.752,64.555,0.17%
"Nov 23, 2017",64.57,64.815,64.897,64.57,-0.48%
"Nov 22, 2017",64.88,64.78,64.965,64.72,0.00%
"Nov 21, 2017",64.88,65.09,65.125,64.88,-0.34%
"Nov 20, 2017",65.1,64.975,65.125,64.975,0.13%
"Nov 17, 2017",65.015,64.647,65.072,64.625,-0.43%
"Nov 16, 2017",65.295,65.285,65.39,65.125,0.04%
"Nov 15, 2017",65.27,65.44,65.44,65.155,-0.21%
"Nov 14, 2017",65.41,65.32,65.55,65.292,-0.05%
"Nov 13, 2017",65.44,65.37,65.535,65.267,0.38%
"Nov 10, 2017",65.19,65.09,65.208,65.005,0.33%
"Nov 09, 2017",64.975,64.945,65.002,64.852,0.08%
"Nov 08, 2017",64.92,65.135,65.165,64.92,-0.22%
"Nov 07, 2017",65.06,64.66,65.07,64.615,0.67%
"Nov 06, 2017",64.625,64.665,64.742,64.625,0.10%
"Nov 03, 2017",64.56,64.58,64.65,64.52,-0.02%
"Nov 02, 2017",64.575,64.535,64.675,64.475,0.02%
"Nov 01, 2017",64.565,64.705,64.705,64.51,-0.29%
"Oct 31, 2017",64.75,64.84,64.85,64.73,-0.17%
"Oct 30, 2017",64.86,64.89,64.96,64.8,-0.28%
"Oct 27, 2017",65.04,65.025,65.11,64.965,0.31%
"Oct 26, 2017",64.84,64.785,64.92,64.73,-0.13%
"Oct 25, 2017",64.925,65.145,65.2,64.885,-0.25%
"Oct 24, 2017",65.09,64.98,65.125,64.9,0.10%
"Oct 23, 2017",65.023,65.075,65.115,64.98,-0.03%
"Oct 20, 2017",65.04,65,65.045,64.995,0.07%
"Oct 19, 2017",64.995,65.033,65.08,64.995,-0.09%
"Oct 18, 2017",65.055,64.995,65.17,64.965,0.04%
"Oct 17, 2017",65.03,64.795,65.04,64.795,0.51%
"Oct 16, 2017",64.7,64.745,64.77,64.69,0.00%
"Oct 13, 2017",64.7,64.955,64.965,64.7,-0.55%
"Oct 12, 2017",65.06,65.16,65.165,65.035,-0.15%
"Oct 11, 2017",65.16,65.26,65.325,65.13,-0.14%
"Oct 10, 2017",65.25,65.355,65.38,65.205,-0.16%
"Oct 09, 2017",65.355,65.375,65.43,65.275,-0.07%
"Oct 06, 2017",65.4,65.2,65.405,65.2,0.39%
"Oct 05, 2017",65.145,65.095,65.195,64.975,0.18%
"Oct 04, 2017",65.03,65.345,65.385,64.95,-0.69%
"Oct 03, 2017",65.485,65.595,65.637,65.465,0.27%
"Oct 02, 2017",65.31,65.31,65.31,65.31,0.00%
"Sep 29, 2017",65.31,65.352,65.465,65.235,-0.24%
"Sep 28, 2017",65.47,65.835,65.9,65.47,-0.37%
"Sep 27, 2017",65.715,65.365,65.755,65.345,0.39%
"Sep 26, 2017",65.46,65.245,65.49,65.155,0.51%
"Sep 25, 2017",65.127,64.845,65.175,64.725,0.51%
"Sep 22, 2017",64.795,64.805,65.155,64.755,-0.02%
"Sep 21, 2017",64.81,64.515,64.855,64.45,0.80%
"Sep 20, 2017",64.293,64.245,64.435,64.245,-0.01%
"Sep 19, 2017",64.3,64.19,64.35,64.13,0.22%
"Sep 18, 2017",64.158,64.055,64.168,64.002,0.07%
"Sep 15, 2017",64.11,64.145,64.145,64.042,-0.02%
"Sep 14, 2017",64.123,64.168,64.172,64.062,0.18%
"Sep 13, 2017",64.01,63.99,64.05,63.97,-0.03%
"Sep 12, 2017",64.031,63.985,64.055,63.935,0.15%
"Sep 11, 2017",63.935,63.905,63.94,63.838,0.24%
"Sep 08, 2017",63.785,63.87,63.96,63.78,-0.36%
"Sep 07, 2017",64.015,64.042,64.055,63.98,-0.07%
"Sep 06, 2017",64.06,64.105,64.262,64.06,-0.07%
"Sep 05, 2017",64.105,64.105,64.162,64.08,0.10%
"Sep 04, 2017",64.04,63.945,64.178,63.935,0.02%
"Sep 01, 2017",64.025,63.925,64.055,63.875,0.14%
"Aug 31, 2017",63.935,64.035,64.06,63.895,-0.09%
"Aug 30, 2017",63.99,63.975,64.02,63.875,-0.04%
"Aug 29, 2017",64.015,63.955,64.037,63.925,0.17%
"Aug 28, 2017",63.905,63.89,63.93,63.855,-0.16%
"Aug 25, 2017",64.005,64.055,64.065,64.005,-0.06%
"Aug 24, 2017",64.045,64.04,64.09,64.005,0.00%
"Aug 23, 2017",64.045,64.045,64.147,64.045,-0.04%
"Aug 22, 2017",64.072,64.095,64.15,64.05,-0.06%
"Aug 21, 2017",64.11,64.075,64.157,64.015,0.02%
"Aug 18, 2017",64.095,64.185,64.185,64.082,-0.12%
"Aug 17, 2017",64.17,64.17,64.17,64.17,0.00%
"Aug 16, 2017",64.17,64.275,64.328,64.14,0.08%
"Aug 15, 2017",64.12,64.11,64.12,64.11,0.05%
"Aug 14, 2017",64.09,63.985,64.148,63.935,-0.08%
"Aug 11, 2017",64.14,64.23,64.27,64.1,0.07%
"Aug 10, 2017",64.095,63.955,64.115,63.885,0.37%
"Aug 09, 2017",63.86,63.785,63.86,63.715,0.26%
"Aug 08, 2017",63.692,63.755,63.785,63.62,-0.23%
"Aug 07, 2017",63.84,63.73,63.865,63.668,0.26%
"Aug 04, 2017",63.675,63.721,63.786,63.624,-0.05%
"Aug 03, 2017",63.705,63.645,63.72,63.575,0.11%
"Aug 02, 2017",63.635,64.125,64.135,63.595,-0.72%
"Aug 01, 2017",64.095,64.105,64.145,64.045,-0.16%
"Jul 31, 2017",64.2,64.14,64.273,64.075,0.13%
"Jul 28, 2017",64.115,64.195,64.245,64.11,-0.02%
"Jul 27, 2017",64.125,64.195,64.218,64.075,-0.36%
"Jul 26, 2017",64.355,64.472,64.487,64.355,-0.05%
"Jul 25, 2017",64.385,64.355,64.425,64.345,-0.02%
"Jul 24, 2017",64.395,64.415,64.465,64.3,0.02%
"Jul 21, 2017",64.385,64.385,64.39,64.305,0.02%
"Jul 20, 2017",64.375,64.345,64.46,64.325,0.16%
"Jul 19, 2017",64.27,64.37,64.37,64.26,-0.07%
"Jul 18, 2017",64.316,64.37,64.415,64.316,-0.05%
"Jul 17, 2017",64.345,64.365,64.407,64.345,-0.12%
"Jul 14, 2017",64.424,64.488,64.525,64.424,-0.06%
"Jul 13, 2017",64.46,64.398,64.475,64.398,-0.02%
"Jul 12, 2017",64.475,64.535,64.6,64.475,-0.14%
"Jul 11, 2017",64.565,64.465,64.605,64.46,0.14%
"Jul 10, 2017",64.475,64.585,64.597,64.475,-0.23%
"Jul 07, 2017",64.625,64.775,64.775,64.54,-0.15%
"Jul 06, 2017",64.725,64.755,64.808,64.705,-0.12%
"Jul 05, 2017",64.8,64.705,64.865,64.675,0.02%
"Jul 04, 2017",64.79,64.805,64.897,64.705,-0.08%
"Jul 03, 2017",64.845,64.655,64.91,64.635,0.35%
"Jun 30, 2017",64.62,64.73,64.84,64.575,-0.06%
"Jun 29, 2017",64.66,64.455,64.69,64.442,0.21%
"Jun 28, 2017",64.525,64.575,64.66,64.51,0.08%
"Jun 27, 2017",64.475,64.485,64.545,64.405,0.06%
"Jun 26, 2017",64.435,64.465,64.465,64.435,-0.11%
"Jun 23, 2017",64.505,64.585,64.618,64.445,-0.15%
"Jun 22, 2017",64.605,64.545,64.63,64.455,0.12%
"Jun 21, 2017",64.53,64.635,64.68,64.49,-0.02%
"Jun 20, 2017",64.54,64.485,64.54,64.412,0.07%
"Jun 19, 2017",64.495,64.445,64.505,64.34,0.05%
"Jun 16, 2017",64.465,64.69,64.75,64.405,-0.15%
"Jun 15, 2017",64.565,64.295,64.62,64.26,0.51%
"Jun 14, 2017",64.235,64.335,64.367,64.235,-0.17%
"Jun 13, 2017",64.345,64.455,64.515,64.345,-0.21%
"Jun 12, 2017",64.48,64.35,64.49,64.32,0.37%
"Jun 09, 2017",64.245,64.275,64.34,64.167,-0.01%
"Jun 08, 2017",64.25,64.41,64.43,64.208,-0.29%
"Jun 07, 2017",64.435,64.515,64.535,64.315,0.01%
"Jun 06, 2017",64.43,64.34,64.485,64.315,0.12%
"Jun 05, 2017",64.35,64.32,64.4,64.29,-0.10%
"Jun 02, 2017",64.415,64.345,64.52,64.345,-0.10%
"Jun 01, 2017",64.478,64.525,64.598,64.433,-0.05%
"May 31, 2017",64.51,64.605,64.605,64.46,-0.19%
"May 30, 2017",64.635,64.645,64.707,64.605,0.15%
"May 29, 2017",64.54,64.485,64.595,64.455,0.05%
"May 26, 2017",64.51,64.565,64.63,64.425,-0.07%
"May 25, 2017",64.555,64.578,64.65,64.48,-0.33%
"May 24, 2017",64.77,64.93,64.97,64.715,-0.19%
"May 23, 2017",64.895,64.685,64.92,64.655,0.60%
"May 22, 2017",64.51,64.53,64.655,64.46,-0.09%
"May 19, 2017",64.565,64.725,65.025,64.565,-0.49%
"May 18, 2017",64.88,64.4,64.92,64.327,1.17%
"May 17, 2017",64.13,64,64.175,63.99,0.13%
"May 16, 2017",64.045,64.075,64.165,64.04,-0.03%
"May 15, 2017",64.065,64.13,64.18,64.025,-0.28%
"May 12, 2017",64.243,64.305,64.377,64.243,-0.25%
"May 11, 2017",64.405,64.595,64.595,64.35,-0.33%
"May 10, 2017",64.615,64.694,64.694,64.555,-0.10%
"May 09, 2017",64.68,64.44,64.705,64.44,0.50%
"May 08, 2017",64.36,64.26,64.385,64.21,0.07%
"May 05, 2017",64.315,64.235,64.395,64.235,0.16%
"May 04, 2017",64.215,64.195,64.25,64.18,0.08%
"May 03, 2017",64.165,64.14,64.2,64.115,0.00%
"May 02, 2017",64.165,64.147,64.25,64.125,-0.14%
"May 01, 2017",64.255,64.285,64.285,64.255,-0.05%
"Apr 28, 2017",64.29,64.13,64.4,64.13,0.27%
"Apr 27, 2017",64.115,64.065,64.175,63.985,-0.02%
"Apr 26, 2017",64.13,64.32,64.33,63.94,-0.31%
"Apr 25, 2017",64.33,64.425,64.425,64.215,-0.25%
"Apr 24, 2017",64.49,64.537,64.542,64.41,-0.25%
"Apr 21, 2017",64.65,64.66,64.69,64.565,0.05%
"Apr 20, 2017",64.62,64.64,64.727,64.536,-0.07%
"Apr 19, 2017",64.665,64.575,64.665,64.525,0.09%
"Apr 18, 2017",64.605,64.515,64.655,64.485,0.19%
"Apr 17, 2017",64.48,64.44,64.55,64.305,0.00%
"Apr 14, 2017",64.48,64.443,64.48,64.443,0.05%
"Apr 13, 2017",64.445,64.455,64.493,64.272,-0.38%
"Apr 12, 2017",64.69,64.625,64.73,64.535,0.21%
"Apr 11, 2017",64.555,64.575,64.695,64.41,-0.08%
"Apr 10, 2017",64.605,64.325,64.61,64.325,0.52%
"Apr 07, 2017",64.27,64.599,64.744,64.154,-0.52%
"Apr 06, 2017",64.606,65.044,65.059,64.504,-0.41%
"Apr 05, 2017",64.875,65.075,65.175,64.875,-0.31%
"Apr 04, 2017",65.08,65.15,65.15,65.07,0.15%
"Apr 03, 2017",64.985,64.825,65.11,64.785,0.19%
"Mar 31, 2017",64.86,64.93,64.99,64.8,0.00%
"Mar 30, 2017",64.86,64.85,64.99,64.85,-0.02%
"Mar 29, 2017",64.875,65.125,65.125,64.865,-0.26%
"Mar 28, 2017",65.045,65.11,65.135,65.04,0.08%
"Mar 27, 2017",64.995,65.295,65.295,64.98,-0.66%
"Mar 24, 2017",65.425,65.505,65.545,65.385,-0.05%
"Mar 23, 2017",65.455,65.425,65.588,65.4,0.00%
"Mar 22, 2017",65.455,65.585,65.59,65.395,0.17%
"Mar 21, 2017",65.345,65.424,65.475,65.234,0.00%
"Mar 20, 2017",65.345,65.425,65.495,65.315,-0.20%
"Mar 17, 2017",65.475,65.485,65.675,65.405,0.14%
"Mar 16, 2017",65.385,65.405,65.535,65.255,-0.37%
"Mar 15, 2017",65.63,65.77,65.79,65.42,-0.22%
"Mar 14, 2017",65.775,66.225,66.265,65.75,-0.61%
"Mar 13, 2017",66.18,66.15,66.19,66.15,-0.56%
"Mar 10, 2017",66.555,66.745,66.745,66.555,-0.20%
"Mar 09, 2017",66.69,66.837,66.875,66.665,-0.11%
"Mar 08, 2017",66.765,66.633,66.77,66.63,0.21%
"Mar 07, 2017",66.625,66.68,66.7,66.595,-0.07%
"Mar 06, 2017",66.675,66.8,66.8,66.66,-0.16%
"Mar 03, 2017",66.78,66.9,66.91,66.78,-0.01%
"Mar 02, 2017",66.785,66.782,66.808,66.69,-0.12%
"Mar 01, 2017",66.865,66.715,66.915,66.715,0.21%
"Feb 28, 2017",66.725,66.765,66.835,66.645,0.04%
"Feb 27, 2017",66.7,66.72,66.78,66.65,0.08%
"Feb 24, 2017",66.645,66.656,66.705,66.615,-0.07%
"Feb 23, 2017",66.69,66.905,66.965,66.69,-0.39%
"Feb 22, 2017",66.95,67.007,67.067,66.927,-0.05%
"Feb 21, 2017",66.985,66.99,67.025,66.947,0.12%
"Feb 20, 2017",66.905,67.07,67.07,66.905,-0.26%
"Feb 17, 2017",67.08,67.14,67.167,67,0.00%
"Feb 16, 2017",67.08,66.96,67.135,66.915,0.31%
"Feb 15, 2017",66.875,66.945,67.005,66.875,0.06%
"Feb 14, 2017",66.835,66.925,67,66.805,-0.21%
"Feb 13, 2017",66.975,66.952,67.087,66.947,0.18%
"Feb 10, 2017",66.854,66.851,67.021,66.801,0.13%
"Feb 09, 2017",66.765,67.065,67.088,66.725,-0.43%
"Feb 08, 2017",67.05,67.385,67.385,67.05,-0.45%
"Feb 07, 2017",67.35,67.2,67.465,67.2,0.23%
"Feb 06, 2017",67.195,67.225,67.255,67.145,0.02%
"Feb 03, 2017",67.184,67.209,67.429,67.184,-0.04%
"Feb 02, 2017",67.21,67.385,67.51,67.21,-0.30%
"Feb 01, 2017",67.415,67.669,67.704,67.415,-0.15%
"Jan 31, 2017",67.515,67.844,67.918,67.455,-0.46%
"Jan 30, 2017",67.829,68.106,68.12,67.755,-0.41%
"Jan 27, 2017",68.105,68.191,68.255,68.015,-0.10%
"Jan 26, 2017",68.176,67.985,68.234,67.965,0.28%
"Jan 25, 2017",67.988,68.137,68.2,67.97,-0.22%
"Jan 24, 2017",68.138,68.05,68.18,68.04,0.13%
"Jan 23, 2017",68.051,68.081,68.233,68,-0.04%
"Jan 20, 2017",68.075,68.115,68.295,67.978,-0.04%
"Jan 19, 2017",68.1,68.222,68.319,68.069,-0.18%
"Jan 18, 2017",68.22,67.853,68.22,67.853,0.53%
"Jan 17, 2017",67.862,68.103,68.158,67.855,-0.35%
"Jan 16, 2017",68.103,68.168,68.28,68.07,-0.11%
"Jan 13, 2017",68.18,68.15,68.29,68.097,0.06%
"Jan 12, 2017",68.141,68.195,68.196,67.95,-0.25%
"Jan 11, 2017",68.312,68.37,68.546,68.223,-0.02%
"Jan 10, 2017",68.327,68.11,68.351,67.988,0.33%
"Jan 09, 2017",68.1,68.116,68.305,68.07,-0.02%
"Jan 06, 2017",68.115,67.755,68.198,67.755,0.55%
"Jan 05, 2017",67.743,67.895,68.013,67.73,-0.21%
"Jan 04, 2017",67.886,68.28,68.3,67.85,-0.55%
"Jan 03, 2017",68.26,68.147,68.438,68.045,0.17%
"Jan 02, 2017",68.145,67.951,68.231,67.906,0.28%
"Dec 30, 2016",67.955,67.935,68,67.85,0.03%
"Dec 29, 2016",67.935,68.232,68.258,67.905,-0.44%
"Dec 28, 2016",68.233,67.977,68.261,67.955,0.38%
"Dec 27, 2016",67.978,67.82,68.09,67.76,0.32%
"Dec 26, 2016",67.76,67.841,67.863,67.705,-0.11%
"Dec 23, 2016",67.837,67.845,67.95,67.74,-0.02%
"Dec 22, 2016",67.848,67.838,68.04,67.82,0.02%
"Dec 21, 2016",67.837,67.917,67.97,67.77,-0.12%
"Dec 20, 2016",67.917,67.847,68.111,67.81,0.11%
"Dec 19, 2016",67.844,67.85,67.9,67.708,-0.02%
"Dec 16, 2016",67.855,67.855,67.88,67.738,0.00%
"Dec 15, 2016",67.857,67.77,67.95,67.688,0.57%
"Dec 14, 2016",67.475,67.425,67.605,67.4,0.09%
"Dec 13, 2016",67.411,67.428,67.609,67.38,-0.03%
"Dec 12, 2016",67.431,67.471,67.649,67.37,-0.06%
"Dec 09, 2016",67.47,67.41,67.64,67.368,-0.11%
"Dec 08, 2016",67.546,67.445,67.571,67.318,0.16%
"Dec 07, 2016",67.438,67.738,67.98,67.425,-0.45%
"Dec 06, 2016",67.742,68.026,68.158,67.675,-0.42%
"Dec 05, 2016",68.025,68.021,68.275,68.015,-0.01%
"Dec 02, 2016",68.031,68.235,68.393,68.01,-0.30%
"Dec 01, 2016",68.236,68.595,68.598,68.19,-0.53%
"Nov 30, 2016",68.598,68.615,68.71,68.368,-0.02%
"Nov 29, 2016",68.615,68.575,68.776,68.561,0.05%
"Nov 28, 2016",68.579,68.519,68.81,68.355,0.09%
"Nov 25, 2016",68.519,68.755,68.761,68.3,-0.35%
"Nov 24, 2016",68.761,68.81,68.87,68.578,-0.03%
"Nov 23, 2016",68.784,68.395,68.881,68.36,0.57%
"Nov 22, 2016",68.396,68.225,68.49,68.06,0.25%
"Nov 21, 2016",68.228,68.185,68.293,68.02,0.05%
"Nov 18, 2016",68.191,68.03,68.25,67.94,0.25%
"Nov 17, 2016",68.023,67.983,68.075,67.767,0.04%
"Nov 16, 2016",67.999,67.785,68.12,67.618,0.31%
"Nov 15, 2016",67.786,67.786,67.875,67.53,0.00%
"Nov 14, 2016",67.785,67.52,67.786,67.46,0.33%
"Nov 11, 2016",67.565,67.301,67.565,66.985,1.05%
"Nov 10, 2016",66.865,66.468,66.865,66.33,0.53%
"Nov 09, 2016",66.515,66.261,66.945,66.242,0.41%
"Nov 08, 2016",66.246,66.745,66.748,66.242,-0.75%
"Nov 07, 2016",66.745,66.795,66.805,66.676,-0.08%
"Nov 04, 2016",66.796,66.665,66.805,66.65,0.19%
"Nov 03, 2016",66.668,66.778,66.798,66.63,-0.14%
"Nov 02, 2016",66.762,66.695,66.87,66.63,0.10%
"Nov 01, 2016",66.696,66.685,66.78,66.66,0.01%
"Oct 31, 2016",66.686,66.779,66.8,66.65,-0.14%
"Oct 28, 2016",66.778,66.894,66.934,66.691,-0.15%
"Oct 27, 2016",66.881,66.862,66.963,66.79,0.03%
"Oct 26, 2016",66.863,66.812,66.9,66.758,0.09%
"Oct 25, 2016",66.806,66.851,66.94,66.74,-0.06%
"Oct 24, 2016",66.845,66.921,66.935,66.766,-0.12%
"Oct 21, 2016",66.926,66.852,67.005,66.76,0.14%
"Oct 20, 2016",66.83,66.638,66.87,66.61,0.28%
"Oct 19, 2016",66.645,66.74,66.775,66.61,-0.13%
"Oct 18, 2016",66.733,66.789,66.802,66.65,-0.08%
"Oct 17, 2016",66.789,66.718,66.9,66.715,0.11%
"Oct 14, 2016",66.717,66.794,66.91,66.64,-0.12%
"Oct 13, 2016",66.794,66.827,66.99,66.73,-0.03%
"Oct 12, 2016",66.812,66.819,66.885,66.73,-0.03%
"Oct 11, 2016",66.834,66.508,66.862,66.494,0.51%
"Oct 10, 2016",66.492,66.602,66.62,66.473,-0.17%
"Oct 07, 2016",66.602,66.696,66.89,66.535,-0.14%
"Oct 06, 2016",66.697,66.574,66.796,66.554,0.19%
"Oct 05, 2016",66.572,66.613,66.675,66.505,-0.06%
"Oct 04, 2016",66.609,66.494,66.63,66.373,0.09%
"Oct 03, 2016",66.546,66.555,66.61,66.43,-0.02%
"Sep 30, 2016",66.556,66.802,66.873,66.51,-0.38%
"Sep 29, 2016",66.812,66.346,66.955,66.327,0.70%
"Sep 28, 2016",66.349,66.47,66.548,66.346,-0.11%
"Sep 27, 2016",66.425,66.629,66.712,66.425,-0.28%
"Sep 26, 2016",66.613,66.707,66.805,66.547,-0.14%
"Sep 23, 2016",66.707,66.635,66.75,66.593,0.11%
"Sep 22, 2016",66.633,66.762,66.903,66.53,-0.17%
"Sep 21, 2016",66.744,66.988,67.145,66.738,-0.36%
"Sep 20, 2016",66.985,66.98,67.07,66.91,0.01%
"Sep 19, 2016",66.98,67.076,67.08,66.87,-0.14%
"Sep 16, 2016",67.075,66.863,67.12,66.775,0.32%
"Sep 15, 2016",66.86,66.798,67.085,66.767,0.09%
"Sep 14, 2016",66.798,67.131,67.132,66.786,-0.51%
"Sep 13, 2016",67.14,66.738,67.148,66.732,0.60%
"Sep 12, 2016",66.738,66.85,66.995,66.727,-0.23%
"Sep 09, 2016",66.895,66.653,66.895,66.46,0.40%
"Sep 08, 2016",66.631,66.478,66.676,66.365,0.23%
"Sep 07, 2016",66.478,66.37,66.506,66.31,0.30%
"Sep 06, 2016",66.28,66.55,66.58,66.27,-0.29%
"Sep 05, 2016",66.47,66.65,66.665,66.435,-0.49%
"Sep 02, 2016",66.795,66.833,66.897,66.617,-0.01%
"Sep 01, 2016",66.801,66.962,67.095,66.758,-0.26%
"Aug 31, 2016",66.973,67.148,67.155,66.92,-0.25%
"Aug 30, 2016",67.144,67.096,67.155,66.934,0.05%
"Aug 29, 2016",67.113,67.137,67.215,67.06,-0.03%
"Aug 26, 2016",67.136,67.014,67.161,66.831,0.18%
"Aug 25, 2016",67.016,67.167,67.167,67,-0.22%
"Aug 24, 2016",67.167,67.153,67.295,67.087,0.07%
"Aug 23, 2016",67.122,67.194,67.211,67.03,-0.12%
"Aug 22, 2016",67.202,67.138,67.37,67.095,0.10%
"Aug 19, 2016",67.137,66.822,67.205,66.822,0.46%
"Aug 18, 2016",66.83,66.904,66.916,66.717,-0.09%
"Aug 17, 2016",66.893,66.857,66.986,66.84,0.03%
"Aug 16, 2016",66.87,66.865,66.938,66.688,0.03%
"Aug 15, 2016",66.853,66.91,66.96,66.792,-0.08%
"Aug 12, 2016",66.908,66.75,66.926,66.738,0.24%
"Aug 11, 2016",66.75,66.765,66.92,66.738,-0.02%
"Aug 10, 2016",66.765,66.772,66.808,66.6,-0.01%
"Aug 09, 2016",66.774,66.816,66.985,66.738,-0.05%
"Aug 08, 2016",66.81,66.84,66.865,66.673,-0.05%
"Aug 05, 2016",66.842,66.843,66.901,66.71,0.00%
"Aug 04, 2016",66.84,66.782,67.01,66.74,0.11%
"Aug 03, 2016",66.767,66.687,67.015,66.682,0.13%
"Aug 02, 2016",66.682,66.767,66.805,66.57,-0.12%
"Aug 01, 2016",66.764,66.72,66.81,66.64,0.16%
"Jul 29, 2016",66.655,67.032,67.113,66.625,-0.54%
"Jul 28, 2016",67.014,67.058,67.115,66.94,-0.09%
"Jul 27, 2016",67.072,67.294,67.379,67.042,-0.37%
"Jul 26, 2016",67.321,67.415,67.438,67.255,-0.13%
"Jul 25, 2016",67.412,67.15,67.48,67.09,0.38%
"Jul 22, 2016",67.154,67.163,67.217,67.042,0.00%
"Jul 21, 2016",67.153,67.174,67.273,67.081,-0.01%
"Jul 20, 2016",67.163,67.188,67.255,67.095,-0.06%
"Jul 19, 2016",67.204,67.137,67.24,67.063,0.10%
"Jul 18, 2016",67.137,67.096,67.22,67.012,-0.01%
"Jul 15, 2016",67.141,66.843,67.175,66.843,0.45%
"Jul 14, 2016",66.843,67.006,67.042,66.802,-0.26%
"Jul 13, 2016",67.016,67.06,67.225,66.935,0.06%
"Jul 12, 2016",66.975,67.172,67.22,66.975,-0.24%
"Jul 11, 2016",67.138,67.139,67.308,67.01,0.00%
"Jul 08, 2016",67.139,67.495,67.517,67.07,-0.53%
"Jul 07, 2016",67.495,67.404,67.539,67.304,0.12%
"Jul 06, 2016",67.411,67.438,67.555,67.36,-0.03%
"Jul 05, 2016",67.434,67.255,67.525,67.244,0.25%
"Jul 04, 2016",67.265,67.19,67.3,67.118,0.11%
"Jul 01, 2016",67.19,67.509,67.514,67.15,-0.47%
"Jun 30, 2016",67.504,67.394,67.72,67.394,0.12%
"Jun 29, 2016",67.422,67.715,67.85,67.375,-0.43%
"Jun 28, 2016",67.715,67.898,67.98,67.65,-0.29%
"Jun 27, 2016",67.914,67.888,68.09,67.78,0.04%
"Jun 24, 2016",67.885,67.278,68.223,67.247,0.90%
"Jun 23, 2016",67.279,67.442,67.48,67.2,-0.25%
"Jun 22, 2016",67.449,67.64,67.678,67.342,-0.26%
"Jun 21, 2016",67.624,67.497,67.755,67.335,0.11%
"Jun 20, 2016",67.551,67.073,67.69,67.073,0.71%
"Jun 17, 2016",67.074,67.318,67.318,67.042,-0.36%
"Jun 16, 2016",67.315,67.079,67.454,67.077,0.35%
"Jun 15, 2016",67.079,67.291,67.353,67,-0.32%
"Jun 14, 2016",67.292,67.188,67.396,67.061,0.16%
"Jun 13, 2016",67.187,66.96,67.22,66.9,0.35%
"Jun 10, 2016",66.952,66.783,67.01,66.717,0.30%
"Jun 09, 2016",66.753,66.491,66.795,66.473,0.38%
"Jun 08, 2016",66.5,66.658,66.821,66.451,-0.24%
"Jun 07, 2016",66.658,66.809,66.97,66.635,-0.20%
"Jun 06, 2016",66.79,66.888,67.055,66.789,-0.31%
"Jun 03, 2016",67,67.285,67.38,67,-0.40%
"Jun 02, 2016",67.268,67.484,67.51,67.215,-0.25%
"Jun 01, 2016",67.434,67.207,67.519,67.12,0.33%
"May 31, 2016",67.209,67.17,67.338,67.106,0.06%
"May 30, 2016",67.171,67.04,67.38,67.031,0.21%
"May 27, 2016",67.031,66.942,67.135,66.875,0.16%
"May 26, 2016",66.927,67.3,67.415,66.903,-0.51%
"May 25, 2016",67.273,67.63,67.712,67.223,-0.53%
"May 24, 2016",67.63,67.429,67.78,67.417,0.33%
"May 23, 2016",67.409,67.43,67.59,67.243,0.00%
"May 20, 2016",67.408,67.436,67.545,67.32,-0.04%
"May 19, 2016",67.436,67.143,67.61,67.103,0.44%
"May 18, 2016",67.14,66.824,67.169,66.824,0.47%
"May 17, 2016",66.825,66.845,66.901,66.675,-0.03%
"May 16, 2016",66.844,66.925,66.944,66.73,-0.02%
"May 13, 2016",66.855,66.757,66.925,66.72,0.15%
"May 12, 2016",66.757,66.561,66.781,66.52,0.29%
"May 11, 2016",66.561,66.631,66.845,66.52,-0.11%
"May 10, 2016",66.631,66.752,66.786,66.542,-0.18%
"May 09, 2016",66.752,66.602,66.8,66.395,0.23%
"May 06, 2016",66.6,66.568,66.715,66.48,0.06%
"May 05, 2016",66.558,66.627,66.675,66.458,-0.10%
"May 04, 2016",66.627,66.579,66.689,66.5,0.10%
"May 03, 2016",66.558,66.343,66.582,66.235,0.32%
"May 02, 2016",66.346,66.425,66.465,66.32,-0.12%
"Apr 29, 2016",66.425,66.395,66.57,66.29,0.04%
"Apr 28, 2016",66.401,66.391,66.562,66.32,0.06%
"Apr 27, 2016",66.362,66.406,66.612,66.344,-0.06%
"Apr 26, 2016",66.404,66.693,66.852,66.397,-0.42%
"Apr 25, 2016",66.685,66.66,66.765,66.59,0.04%
"Apr 22, 2016",66.66,66.502,66.731,66.457,0.26%
"Apr 21, 2016",66.489,66.165,66.528,66.164,0.49%
"Apr 20, 2016",66.166,66.137,66.36,66.095,0.02%
"Apr 19, 2016",66.15,66.417,66.502,66.129,-0.40%
"Apr 18, 2016",66.416,66.66,66.72,66.415,-0.37%
"Apr 15, 2016",66.66,66.597,66.68,66.469,0.09%
"Apr 14, 2016",66.597,66.506,66.69,66.479,0.15%
"Apr 13, 2016",66.496,66.277,66.68,66.271,0.32%
"Apr 12, 2016",66.283,66.301,66.567,66.272,-0.01%
"Apr 11, 2016",66.287,66.555,66.603,66.28,-0.40%
"Apr 08, 2016",66.551,66.757,66.787,66.475,-0.31%
"Apr 07, 2016",66.757,66.517,66.826,66.422,0.36%
"Apr 06, 2016",66.517,66.42,66.745,66.38,0.14%
"Apr 05, 2016",66.422,66.112,66.558,66.08,0.48%
"Apr 04, 2016",66.106,66.31,66.387,66.024,-0.39%
"Apr 01, 2016",66.365,66.355,66.502,66.27,0.17%
"Mar 31, 2016",66.255,66.235,66.358,66.125,-0.18%
"Mar 30, 2016",66.375,66.295,66.502,66.265,0.00%
"Mar 29, 2016",66.375,66.61,66.66,66.366,-0.35%
"Mar 28, 2016",66.608,66.79,66.912,66.511,-0.33%
"Mar 25, 2016",66.829,66.916,66.928,66.745,-0.13%
"Mar 24, 2016",66.916,66.93,66.948,66.822,-0.02%
"Mar 23, 2016",66.93,66.755,66.956,66.625,0.26%
"Mar 22, 2016",66.755,66.5,66.84,66.48,0.38%
"Mar 21, 2016",66.5,66.383,66.571,66.383,0.17%
"Mar 18, 2016",66.384,66.63,66.7,66.256,-0.35%
"Mar 17, 2016",66.619,66.91,66.958,66.605,-0.82%
"Mar 16, 2016",67.173,67.37,67.46,67.173,-0.30%
"Mar 15, 2016",67.372,67.138,67.415,67.136,0.35%
"Mar 14, 2016",67.138,66.973,67.246,66.88,0.32%
"Mar 11, 2016",66.921,67.303,67.352,66.901,-0.57%
"Mar 10, 2016",67.302,67.128,67.373,66.895,0.26%
"Mar 09, 2016",67.128,67.325,67.515,67.062,-0.27%
"Mar 08, 2016",67.313,66.989,67.47,66.988,0.48%
"Mar 07, 2016",66.989,66.989,67.156,66.933,0.08%
"Mar 04, 2016",66.938,67.121,67.355,66.881,-0.27%
"Mar 03, 2016",67.122,67.41,67.46,67.121,-0.41%
"Mar 02, 2016",67.395,67.599,67.765,67.392,-0.53%
"Mar 01, 2016",67.753,68.206,68.36,67.677,-0.67%
"Feb 29, 2016",68.208,68.737,68.792,68.203,-0.77%
"Feb 26, 2016",68.737,68.779,68.86,68.63,-0.05%
"Feb 25, 2016",68.768,68.431,68.909,68.384,0.49%
"Feb 24, 2016",68.431,68.561,68.66,68.386,-0.19%
"Feb 23, 2016",68.561,68.553,68.69,68.46,0.04%
"Feb 22, 2016",68.533,68.69,68.725,68.505,-0.02%
"Feb 19, 2016",68.545,68.531,68.686,68.521,0.00%
"Feb 18, 2016",68.542,68.322,68.6,68.316,0.31%
"Feb 17, 2016",68.329,68.482,68.69,68.314,-0.21%
"Feb 16, 2016",68.474,68.14,68.512,68.061,0.50%
"Feb 15, 2016",68.131,68.119,68.27,68.01,0.02%
"Feb 12, 2016",68.118,68.471,68.496,68.11,-0.52%
"Feb 11, 2016",68.471,67.862,68.489,67.785,0.90%
"Feb 10, 2016",67.861,67.91,67.996,67.798,-0.06%
"Feb 09, 2016",67.901,68.054,68.22,67.882,-0.20%
"Feb 08, 2016",68.034,67.88,68.068,67.78,0.33%
"Feb 05, 2016",67.81,67.546,67.84,67.495,0.39%
"Feb 04, 2016",67.544,67.76,67.895,67.524,-0.57%
"Feb 03, 2016",67.934,67.977,68.265,67.929,-0.06%
"Feb 02, 2016",67.975,67.817,68.043,67.764,0.21%
"Feb 01, 2016",67.835,67.878,67.97,67.64,-0.06%
"Jan 29, 2016",67.878,68.053,68.18,67.785,-0.26%
"Jan 28, 2016",68.053,68.15,68.265,68.017,-0.13%
"Jan 27, 2016",68.144,67.766,68.185,67.739,0.60%
"Jan 26, 2016",67.739,67.727,67.909,67.697,-0.02%
"Jan 25, 2016",67.755,67.579,67.85,67.493,0.30%
"Jan 22, 2016",67.549,67.826,67.869,67.547,-0.37%
"Jan 21, 2016",67.799,67.955,68.12,67.797,-0.23%
"Jan 20, 2016",67.958,67.734,68.18,67.731,0.33%
"Jan 19, 2016",67.734,67.662,67.8,67.525,0.11%
"Jan 18, 2016",67.661,67.791,67.791,67.5,-0.17%
"Jan 15, 2016",67.775,67.328,67.869,67.255,0.68%
"Jan 14, 2016",67.316,66.918,67.49,66.917,0.60%
"Jan 13, 2016",66.917,66.947,66.953,66.73,-0.04%
"Jan 12, 2016",66.946,66.766,66.98,66.74,0.28%
"Jan 11, 2016",66.76,66.874,66.965,66.708,-0.13%
"Jan 08, 2016",66.847,66.891,66.93,66.6,-0.07%
"Jan 07, 2016",66.891,66.712,66.981,66.507,0.29%
"Jan 06, 2016",66.698,66.499,66.905,66.479,0.33%
"Jan 05, 2016",66.481,66.599,66.663,66.428,-0.15%
"Jan 04, 2016",66.579,66.165,66.66,66.165,0.52%
"Jan 01, 2016",66.235,66.209,66.267,66.13,0.04%
"Dec 31, 2015",66.208,66.484,66.484,66.09,-0.40%
"Dec 30, 2015",66.475,66.257,66.495,66.234,0.36%
"Dec 29, 2015",66.235,66.153,66.43,66.136,0.15%
"Dec 28, 2015",66.137,66.03,66.22,66.03,0.17%
"Dec 25, 2015",66.025,65.946,66.03,65.946,0.12%
"Dec 24, 2015",65.947,66.058,66.162,65.946,-0.14%
"Dec 23, 2015",66.037,66.242,66.285,66.011,-0.31%
"Dec 22, 2015",66.244,66.268,66.36,66.176,-0.01%
"Dec 21, 2015",66.251,66.319,66.385,66.189,-0.01%
"Dec 18, 2015",66.255,66.411,66.535,66.228,-0.25%
"Dec 17, 2015",66.421,66.454,66.685,66.26,-0.08%
"Dec 16, 2015",66.476,66.866,66.947,66.431,-0.58%
"Dec 15, 2015",66.863,67.092,67.135,66.77,-0.34%
"Dec 14, 2015",67.093,67.1,67.18,66.965,-0.08%
"Dec 11, 2015",67.148,66.761,67.148,66.743,0.59%
"Dec 10, 2015",66.756,66.855,66.935,66.681,-0.15%
"Dec 09, 2015",66.855,66.862,66.96,66.725,0.00%
"Dec 08, 2015",66.857,66.777,66.895,66.71,0.13%
"Dec 07, 2015",66.773,66.643,66.867,66.57,0.20%
"Dec 04, 2015",66.643,66.79,66.995,66.642,-0.22%
"Dec 03, 2015",66.79,66.598,66.898,66.561,0.30%
"Dec 02, 2015",66.591,66.433,66.68,66.432,0.24%
"Dec 01, 2015",66.434,66.462,66.61,66.385,-0.04%
"Nov 30, 2015",66.462,66.835,66.945,66.422,-0.67%
"Nov 27, 2015",66.907,66.66,66.91,66.65,0.51%
"Nov 26, 2015",66.565,66.371,66.675,66.347,0.30%
"Nov 25, 2015",66.368,66.261,66.399,66.261,0.16%
"Nov 24, 2015",66.262,66.398,66.505,66.26,-0.20%
"Nov 23, 2015",66.395,66.095,66.485,66.057,0.51%
"Nov 20, 2015",66.058,66.088,66.28,66.044,-0.05%
"Nov 19, 2015",66.09,66.057,66.24,66.032,0.09%
"Nov 18, 2015",66.033,66.008,66.325,65.985,0.08%
"Nov 17, 2015",65.981,65.905,66.095,65.885,0.14%
"Nov 16, 2015",65.886,66.079,66.26,65.853,-0.26%
"Nov 13, 2015",66.059,66.19,66.24,66.059,0.01%
"Nov 12, 2015",66.055,66.135,66.165,66.01,-0.02%
"Nov 11, 2015",66.07,66.07,66.07,66.07,-0.20%
"Nov 10, 2015",66.2,66.44,66.49,66.2,-0.41%
"Nov 09, 2015",66.475,66.42,66.5,66.317,0.51%
"Nov 06, 2015",66.14,65.817,66.14,65.733,0.43%
"Nov 05, 2015",65.86,65.609,65.9,65.523,0.38%
"Nov 04, 2015",65.609,65.592,65.63,65.33,0.06%
"Nov 03, 2015",65.569,65.568,65.795,65.42,0.01%
"Nov 02, 2015",65.561,65.413,65.665,65.355,0.21%
"Oct 30, 2015",65.423,65.444,65.453,65.12,-0.04%
"Oct 29, 2015",65.449,65.154,65.47,65.12,0.76%
"Oct 28, 2015",64.954,65.112,65.12,64.833,-0.24%
"Oct 27, 2015",65.112,64.921,65.117,64.885,0.29%
"Oct 26, 2015",64.921,64.964,65.025,64.788,0.04%
"Oct 23, 2015",64.892,64.869,65.06,64.7,0.05%
"Oct 22, 2015",64.86,65.133,65.173,64.853,-0.44%
"Oct 21, 2015",65.146,65.024,65.23,65,0.19%
"Oct 20, 2015",65.024,64.92,65.07,64.86,0.16%
"Oct 19, 2015",64.919,64.703,64.937,64.681,0.33%
"Oct 16, 2015",64.703,64.78,65.03,64.639,-0.12%
"Oct 15, 2015",64.779,64.735,64.921,64.68,0.07%
"Oct 14, 2015",64.736,65.112,65.185,64.73,-0.56%
"Oct 13, 2015",65.098,64.797,65.192,64.78,0.47%
"Oct 12, 2015",64.795,64.779,64.89,64.7,0.02%
"Oct 09, 2015",64.78,64.817,65.004,64.689,-0.06%
"Oct 08, 2015",64.819,64.935,65.188,64.816,-0.14%
"Oct 07, 2015",64.907,65.127,65.37,64.815,-0.34%
"Oct 06, 2015",65.129,65.145,65.44,65.128,-0.01%
"Oct 05, 2015",65.134,65.155,65.34,65.047,-0.35%
"Oct 02, 2015",65.364,65.623,65.7,65.358,-0.41%
"Oct 01, 2015",65.631,65.524,65.68,65.49,0.17%
"Sep 30, 2015",65.517,65.836,65.955,65.48,-0.49%
"Sep 29, 2015",65.837,66.413,66.441,65.836,-0.65%
"Sep 28, 2015",66.267,66.16,66.274,66.02,0.15%
"Sep 25, 2015",66.17,66.108,66.242,66.07,0.09%
"Sep 24, 2015",66.11,66.175,66.38,66.04,-0.11%
"Sep 23, 2015",66.184,65.91,66.186,65.828,0.42%
"Sep 22, 2015",65.91,65.71,65.97,65.56,0.33%
"Sep 21, 2015",65.691,65.869,65.95,65.62,-0.27%
"Sep 18, 2015",65.868,66.117,66.26,65.67,-0.31%
"Sep 17, 2015",66.071,66.194,66.301,66.066,-0.22%
"Sep 16, 2015",66.219,66.449,66.52,66.186,-0.34%
"Sep 15, 2015",66.447,66.279,66.48,66.266,0.28%
"Sep 14, 2015",66.261,66.242,66.5,66.21,0.03%
"Sep 11, 2015",66.241,66.309,66.59,66.238,-0.09%
"Sep 10, 2015",66.299,66.646,66.77,66.298,-0.48%
"Sep 09, 2015",66.619,66.311,66.65,66.245,0.49%
"Sep 08, 2015",66.294,66.853,66.913,66.293,-0.89%
"Sep 07, 2015",66.886,66.726,66.907,66.585,0.30%
"Sep 04, 2015",66.685,66.124,66.785,66.09,0.89%
"Sep 03, 2015",66.1,66.202,66.3,66.04,-0.15%
"Sep 02, 2015",66.202,66.383,66.474,66.125,-0.27%
"Sep 01, 2015",66.383,66.398,66.47,66.19,-0.04%
"Aug 31, 2015",66.412,66.151,66.5,66.128,0.40%
"Aug 28, 2015",66.15,65.985,66.26,65.94,0.28%
"Aug 27, 2015",65.968,66.141,66.16,65.865,-0.05%
"Aug 26, 2015",66.004,66.289,66.39,66.004,-0.42%
"Aug 25, 2015",66.28,66.867,66.91,65.87,-0.80%
"Aug 24, 2015",66.814,66.39,66.816,66.305,1.18%
"Aug 21, 2015",66.034,65.441,66.045,65.42,0.92%
"Aug 20, 2015",65.433,65.097,65.7,65.061,0.50%
"Aug 19, 2015",65.109,65.409,65.45,65.061,-0.53%
"Aug 18, 2015",65.454,65.444,65.5,65.3,0.03%
"Aug 17, 2015",65.436,65.097,65.461,65.07,0.47%
"Aug 14, 2015",65.129,65.234,65.38,64.96,-0.11%
"Aug 13, 2015",65.203,64.855,65.34,64.63,0.54%
"Aug 12, 2015",64.855,64.354,64.96,64.28,0.81%
"Aug 11, 2015",64.332,63.773,64.392,63.751,0.88%
"Aug 10, 2015",63.773,63.744,63.92,63.707,0.05%
"Aug 07, 2015",63.739,63.722,63.97,63.701,0.03%
"Aug 06, 2015",63.722,63.692,63.83,63.65,0.05%
"Aug 05, 2015",63.692,63.798,63.94,63.65,-0.17%
"Aug 04, 2015",63.798,64.178,64.178,63.68,-0.59%
"Aug 03, 2015",64.177,63.996,64.19,63.93,0.30%
"Jul 31, 2015",63.988,64.152,64.22,63.864,-0.23%
"Jul 30, 2015",64.138,63.826,64.16,63.82,0.50%
"Jul 29, 2015",63.821,63.8,63.95,63.767,0.03%
"Jul 28, 2015",63.799,64.232,64.243,63.74,-0.63%
"Jul 27, 2015",64.202,64.16,64.27,64,0.15%
"Jul 24, 2015",64.106,63.922,64.18,63.826,0.29%
"Jul 23, 2015",63.921,63.57,63.93,63.57,0.55%
"Jul 22, 2015",63.571,63.567,63.68,63.49,-0.02%
"Jul 21, 2015",63.583,63.6,63.76,63.537,-0.03%
"Jul 20, 2015",63.6,63.483,63.75,63.47,0.17%
"Jul 17, 2015",63.492,63.487,63.54,63.375,0.05%
"Jul 16, 2015",63.463,63.508,63.564,63.42,-0.07%
"Jul 15, 2015",63.507,63.278,63.61,63.278,0.36%
"Jul 14, 2015",63.281,63.45,63.6,63.265,-0.27%
"Jul 13, 2015",63.45,63.359,63.6,63.315,0.15%
"Jul 10, 2015",63.358,63.318,63.49,63.308,0.06%
"Jul 09, 2015",63.318,63.456,63.59,63.29,-0.22%
"Jul 08, 2015",63.459,63.476,63.66,63.453,-0.03%
"Jul 07, 2015",63.476,63.263,63.582,63.26,0.34%
"Jul 06, 2015",63.264,63.427,63.64,63.254,-0.23%
"Jul 03, 2015",63.411,63.297,63.5,63.297,0.18%
"Jul 02, 2015",63.299,63.553,63.68,63.296,-0.39%
"Jul 01, 2015",63.55,63.609,63.712,63.53,-0.08%
"Jun 30, 2015",63.604,63.707,63.81,63.55,-0.16%
"Jun 29, 2015",63.707,63.523,63.95,63.45,0.40%
"Jun 26, 2015",63.452,63.528,63.67,63.45,-0.10%
"Jun 25, 2015",63.518,63.548,63.65,63.489,-0.01%
"Jun 24, 2015",63.526,63.59,63.71,63.487,-0.13%
"Jun 23, 2015",63.607,63.532,63.695,63.499,0.13%
"Jun 22, 2015",63.523,63.532,63.59,63.44,0.04%
"Jun 19, 2015",63.5,63.579,63.87,63.42,-0.12%
"Jun 18, 2015",63.577,63.905,63.95,63.566,-0.68%
"Jun 17, 2015",64.011,64.166,64.28,63.989,-0.24%
"Jun 16, 2015",64.166,64.081,64.33,63.996,0.13%
"Jun 15, 2015",64.085,64.1,64.2,64,-0.02%
"Jun 12, 2015",64.1,63.985,64.2,63.9,0.22%
"Jun 11, 2015",63.959,63.782,64.03,63.75,0.30%
"Jun 10, 2015",63.766,64.039,64.071,63.76,-0.38%
"Jun 09, 2015",64.01,63.963,64.09,63.85,0.10%
"Jun 08, 2015",63.947,64.111,64.18,63.925,0.28%
"Jun 05, 2015",63.77,63.963,64.035,63.75,-0.30%
"Jun 04, 2015",63.964,63.996,64.27,63.916,-0.05%
"Jun 03, 2015",63.997,63.699,64.08,63.669,0.48%
"Jun 02, 2015",63.689,63.61,63.97,63.59,0.15%
"Jun 01, 2015",63.594,63.733,63.841,63.53,-0.23%
"May 29, 2015",63.743,63.79,63.946,63.68,-0.03%
"May 28, 2015",63.763,63.823,64,63.745,-0.10%
"May 27, 2015",63.826,63.983,64.17,63.82,-0.23%
"May 26, 2015",63.972,63.493,64.02,63.49,0.75%
"May 25, 2015",63.496,63.511,63.68,63.49,0.01%
"May 22, 2015",63.49,63.578,63.681,63.43,-0.14%
"May 21, 2015",63.58,63.612,63.75,63.51,-0.03%
"May 20, 2015",63.598,63.781,63.9,63.555,-0.26%
"May 19, 2015",63.763,63.725,63.85,63.52,0.09%
"May 18, 2015",63.708,63.442,63.75,63.425,0.42%
"May 15, 2015",63.44,63.403,63.662,63.347,0.09%
"May 14, 2015",63.383,64.014,64.063,63.379,-0.98%
"May 13, 2015",64.013,64.146,64.281,63.845,-0.21%
"May 12, 2015",64.147,64.007,64.39,63.998,0.22%
"May 11, 2015",64.007,63.705,64.022,63.705,0.46%
"May 08, 2015",63.711,64.071,64.23,63.657,-0.56%
"May 07, 2015",64.073,63.635,64.29,63.623,0.71%
"May 06, 2015",63.621,63.376,63.685,63.31,0.40%
"May 05, 2015",63.369,63.562,63.62,63.315,-0.23%
"May 04, 2015",63.516,63.692,63.693,63.516,-0.32%
"May 01, 2015",63.719,63.531,63.72,63.5,0.30%
"Apr 30, 2015",63.529,63.44,63.74,63.398,0.11%
"Apr 29, 2015",63.46,63.049,63.502,63.04,0.65%
"Apr 28, 2015",63.053,63.334,63.47,63.027,-0.46%
"Apr 27, 2015",63.346,63.747,63.78,63.346,-0.50%
"Apr 24, 2015",63.662,63.283,63.683,63.215,0.61%
"Apr 23, 2015",63.277,62.968,63.43,62.895,0.47%
"Apr 22, 2015",62.98,62.881,63.02,62.725,0.20%
"Apr 21, 2015",62.854,63.14,63.165,62.75,-0.45%
"Apr 20, 2015",63.137,62.554,63.167,62.5,0.94%
"Apr 17, 2015",62.55,62.317,62.55,62.305,0.37%
"Apr 16, 2015",62.317,62.353,62.407,62.245,-0.07%
"Apr 15, 2015",62.36,62.294,62.46,62.264,0.15%
"Apr 14, 2015",62.268,62.413,62.422,62.21,-0.22%
"Apr 13, 2015",62.407,62.184,62.575,62.18,0.21%
"Apr 10, 2015",62.276,62.301,62.43,62.209,-0.05%
"Apr 09, 2015",62.306,62.201,62.337,62.15,0.18%
"Apr 08, 2015",62.192,62.301,62.372,62.139,-0.17%
"Apr 07, 2015",62.296,62.206,62.425,62.195,0.14%
"Apr 06, 2015",62.207,61.93,62.24,61.93,0.40%
"Apr 03, 2015",61.96,62.078,62.14,61.936,-0.17%
"Apr 02, 2015",62.067,62.163,62.24,62.046,-0.12%
"Apr 01, 2015",62.142,62.291,62.402,62.135,-0.24%
"Mar 31, 2015",62.291,62.514,62.68,62.276,-0.35%
"Mar 30, 2015",62.51,62.534,62.7,62.438,-0.02%
"Mar 27, 2015",62.523,62.84,62.851,62.395,-0.50%
"Mar 26, 2015",62.836,62.43,62.843,62.43,0.68%
"Mar 25, 2015",62.412,62.344,62.454,62.262,0.10%
"Mar 24, 2015",62.348,62.21,62.421,62.14,0.19%
"Mar 23, 2015",62.23,62.415,62.415,62.23,-0.29%
"Mar 20, 2015",62.41,62.525,62.595,62.41,-0.13%
"Mar 19, 2015",62.49,62.39,62.685,62.37,-0.34%
"Mar 18, 2015",62.701,62.651,62.79,62.62,0.12%
"Mar 17, 2015",62.623,62.778,62.85,62.608,-0.25%
"Mar 16, 2015",62.78,63.087,63.138,62.763,-0.48%
"Mar 13, 2015",63.083,62.559,63.126,62.433,0.87%
"Mar 12, 2015",62.542,62.777,62.796,62.408,-0.38%
"Mar 11, 2015",62.781,62.723,62.88,62.7,0.10%
"Mar 10, 2015",62.72,62.641,62.836,62.563,0.14%
"Mar 09, 2015",62.634,62.475,62.8,62.4,0.28%
"Mar 06, 2015",62.46,62.393,62.463,62.3,0.13%
"Mar 05, 2015",62.381,62.309,62.43,62.16,0.12%
"Mar 04, 2015",62.309,61.819,62.391,61.659,0.79%
"Mar 03, 2015",61.819,61.862,61.972,61.772,-0.07%
"Mar 02, 2015",61.862,61.713,62,61.675,0.33%
"Feb 27, 2015",61.659,61.744,61.92,61.658,-0.12%
"Feb 26, 2015",61.731,61.871,62,61.675,-0.21%
"Feb 25, 2015",61.862,62.09,62.113,61.84,-0.50%
"Feb 24, 2015",62.17,62.172,62.36,62.07,0.01%
"Feb 23, 2015",62.163,62.27,62.33,62.117,0.09%
"Feb 20, 2015",62.109,62.14,62.29,62.108,-0.05%
"Feb 19, 2015",62.138,62.064,62.17,62.03,0.13%
"Feb 18, 2015",62.057,62.157,62.361,62.005,-0.16%
"Feb 17, 2015",62.157,62.105,62.27,62.07,0.08%
"Feb 16, 2015",62.105,62.114,62.25,62.07,0.05%
"Feb 13, 2015",62.076,62.14,62.224,62.02,-0.12%
"Feb 12, 2015",62.15,62.382,62.54,62.028,-0.37%
"Feb 11, 2015",62.382,62.327,62.433,62.12,0.09%
"Feb 10, 2015",62.327,62.161,62.374,61.93,0.29%
"Feb 09, 2015",62.149,62.058,62.22,61.95,0.29%
"Feb 06, 2015",61.97,61.703,62.025,61.665,0.42%
"Feb 05, 2015",61.709,61.842,61.95,61.678,-0.22%
"Feb 04, 2015",61.842,61.596,61.91,61.565,0.40%
"Feb 03, 2015",61.596,61.721,61.85,61.565,-0.20%
"Feb 02, 2015",61.719,62.005,62.085,61.645,-0.49%
"Jan 30, 2015",62.02,61.807,62.035,61.71,0.35%
"Jan 29, 2015",61.801,61.44,61.981,61.43,0.72%
"Jan 28, 2015",61.358,61.515,61.54,61.27,-0.08%
"Jan 27, 2015",61.41,61.48,61.525,61.355,-0.11%
"Jan 26, 2015",61.48,61.515,61.52,61.475,0.07%
"Jan 23, 2015",61.44,61.45,61.615,61.373,-0.27%
"Jan 22, 2015",61.605,61.635,61.77,61.505,0.07%
"Jan 21, 2015",61.56,61.73,61.73,61.54,-0.15%
"Jan 20, 2015",61.655,61.825,61.905,61.645,0.02%
"Jan 19, 2015",61.645,61.655,61.812,61.605,-0.36%
"Jan 16, 2015",61.87,62.085,62.21,61.795,-0.31%
"Jan 15, 2015",62.065,61.885,62.105,61.485,-0.05%
"Jan 14, 2015",62.095,62.085,62.235,62.06,0.19%
"Jan 13, 2015",61.98,62.1,62.195,61.97,-0.15%
"Jan 12, 2015",62.075,62.355,62.355,62.065,-0.45%
"Jan 09, 2015",62.355,62.5,62.52,62.3,-0.51%
"Jan 08, 2015",62.675,63.205,63.205,62.595,-0.96%
"Jan 07, 2015",63.28,63.52,63.565,63.17,-0.46%
"Jan 06, 2015",63.575,63.375,63.625,63.315,0.36%
"Jan 05, 2015",63.345,63.435,63.495,63.285,0.09%
"Jan 02, 2015",63.285,63.445,63.502,63.255,-0.11%
"Jan 01, 2015",63.355,63.175,63.455,63.175,0.51%
"Dec 31, 2014",63.035,63.315,63.39,63.035,-0.55%
"Dec 30, 2014",63.385,63.725,63.795,63.355,-0.45%
"Dec 29, 2014",63.67,63.665,63.715,63.625,0.17%
"Dec 26, 2014",63.562,63.455,63.69,63.455,0.07%
"Dec 25, 2014",63.52,63.52,63.52,63.52,0.00%
"Dec 24, 2014",63.52,63.435,63.565,63.375,0.13%
"Dec 23, 2014",63.44,63.31,63.51,63.25,0.33%
"Dec 22, 2014",63.23,63.255,63.33,63.145,-0.02%
"Dec 19, 2014",63.245,63.055,63.34,62.99,0.40%
"Dec 18, 2014",62.99,63.36,63.4,62.985,-0.84%
"Dec 17, 2014",63.525,63.53,63.89,63.45,-0.21%
"Dec 16, 2014",63.66,62.915,63.66,62.815,0.77%
"Dec 15, 2014",63.175,62.21,63.175,62.21,1.04%
"Dec 12, 2014",62.525,62.26,62.535,62.21,0.07%
"Dec 11, 2014",62.48,62.05,62.48,62.01,0.59%
"Dec 10, 2014",62.115,61.81,62.115,61.77,0.38%
"Dec 09, 2014",61.88,61.89,61.955,61.835,0.09%
"Dec 08, 2014",61.825,61.98,62.01,61.825,-0.15%
"Dec 05, 2014",61.918,61.845,61.918,61.78,0.21%
"Dec 04, 2014",61.79,61.945,61.965,61.79,-0.12%
"Dec 03, 2014",61.863,61.885,61.97,61.815,0.11%
"Dec 02, 2014",61.795,61.905,62.02,61.795,-0.26%
"Dec 01, 2014",61.955,62.06,62.24,61.955,-0.41%
"Nov 28, 2014",62.21,61.815,62.25,61.765,0.57%
"Nov 27, 2014",61.86,61.74,61.938,61.74,0.11%
"Nov 26, 2014",61.795,61.865,61.913,61.785,-0.11%
"Nov 25, 2014",61.865,61.915,62.045,61.85,0.01%
"Nov 24, 2014",61.86,61.7,61.975,61.66,0.15%
"Nov 21, 2014",61.767,61.845,61.905,61.745,-0.26%
"Nov 20, 2014",61.93,62.04,62.23,61.89,-0.02%
"Nov 19, 2014",61.945,61.845,62.008,61.795,0.36%
"Nov 18, 2014",61.725,61.735,61.885,61.705,-0.17%
"Nov 17, 2014",61.83,61.63,61.83,61.63,0.19%
"Nov 14, 2014",61.715,61.63,61.86,61.56,0.19%
"Nov 13, 2014",61.6,61.49,61.635,61.49,0.37%
"Nov 12, 2014",61.375,61.535,61.57,61.375,-0.23%
"Nov 11, 2014",61.515,61.57,61.65,61.515,0.05%
"Nov 10, 2014",61.485,61.465,61.57,61.39,-0.06%
"Nov 07, 2014",61.52,61.44,61.7,61.44,0.03%
"Nov 06, 2014",61.5,61.44,61.515,61.425,0.11%
"Nov 05, 2014",61.435,61.34,61.545,61.3,0.07%
"Nov 04, 2014",61.395,61.365,61.415,61.31,-0.04%
"Nov 03, 2014",61.42,61.51,61.51,61.325,0.02%
"Oct 31, 2014",61.405,61.365,61.615,61.3,-0.06%
"Oct 30, 2014",61.44,61.29,61.555,61.29,0.24%
"Oct 29, 2014",61.29,61.265,61.375,61.22,0.17%
"Oct 28, 2014",61.188,61.255,61.425,61.162,-0.19%
"Oct 27, 2014",61.305,61.185,61.375,61.185,0.22%
"Oct 24, 2014",61.17,61.17,61.17,61.17,0.00%
"Oct 23, 2014",61.17,61.16,61.21,61.1,-0.05%
"Oct 22, 2014",61.2,61.095,61.315,61.015,0.08%
"Oct 21, 2014",61.15,61.315,61.377,61.12,-0.14%
"Oct 20, 2014",61.235,61.315,61.385,61.185,-0.21%
"Oct 17, 2014",61.365,61.765,61.765,61.36,-0.77%
"Oct 16, 2014",61.84,61.485,61.94,61.435,0.75%
"Oct 15, 2014",61.38,61.31,61.41,61.25,-0.03%
"Oct 14, 2014",61.4,60.945,61.48,60.935,0.64%
"Oct 13, 2014",61.01,61.285,61.315,61.01,-0.45%
"Oct 10, 2014",61.285,61.165,61.365,61.125,0.38%
"Oct 09, 2014",61.055,61.145,61.145,60.91,-0.50%
"Oct 08, 2014",61.36,61.47,61.525,61.31,0.09%
"Oct 07, 2014",61.305,61.465,61.485,61.28,-0.39%
"Oct 06, 2014",61.545,61.545,61.545,61.545,0.00%
"Oct 03, 2014",61.545,61.545,61.545,61.545,0.00%
"Oct 02, 2014",61.545,61.72,61.72,61.545,-0.29%
"Oct 01, 2014",61.725,61.835,61.965,61.593,-0.35%
"Sep 30, 2014",61.94,61.615,61.94,61.565,0.62%
"Sep 29, 2014",61.56,61.155,61.62,61.155,0.68%
"Sep 26, 2014",61.145,61.345,61.625,61.015,-0.31%
"Sep 25, 2014",61.335,60.965,61.42,60.925,0.64%
"Sep 24, 2014",60.945,61.045,61.065,60.905,-0.18%
"Sep 23, 2014",61.055,60.955,61.055,60.875,0.18%
"Sep 22, 2014",60.945,60.795,60.945,60.755,0.14%
"Sep 19, 2014",60.86,60.78,60.9,60.73,0.20%
"Sep 18, 2014",60.74,61.115,61.22,60.74,-0.29%
"Sep 17, 2014",60.915,60.985,61.043,60.83,-0.24%
"Sep 16, 2014",61.06,61.025,61.165,61.007,-0.07%
"Sep 15, 2014",61.105,60.655,61.175,60.655,0.74%
"Sep 12, 2014",60.655,60.975,61.025,60.645,-0.45%
"Sep 11, 2014",60.93,60.845,60.945,60.72,0.00%
"Sep 10, 2014",60.93,60.78,61.045,60.76,0.54%
"Sep 09, 2014",60.605,60.435,60.673,60.405,0.55%
"Sep 08, 2014",60.275,60.305,60.325,60.212,-0.20%
"Sep 05, 2014",60.395,60.445,60.505,60.38,0.06%
"Sep 04, 2014",60.36,60.465,60.49,60.355,-0.21%
"Sep 03, 2014",60.49,60.605,60.695,60.335,-0.32%
"Sep 02, 2014",60.685,60.585,60.695,60.495,0.26%
"Sep 01, 2014",60.53,60.51,60.535,60.425,0.02%
"Aug 29, 2014",60.52,60.51,60.55,60.47,0.03%
"Aug 28, 2014",60.5,60.405,60.698,60.365,0.07%
"Aug 27, 2014",60.455,60.485,60.515,60.35,0.03%
"Aug 26, 2014",60.435,60.505,60.58,60.435,-0.22%
"Aug 25, 2014",60.57,60.555,60.58,60.405,0.17%
"Aug 22, 2014",60.47,60.495,60.56,60.365,-0.34%
"Aug 21, 2014",60.675,60.695,60.8,60.615,0.10%
"Aug 20, 2014",60.615,60.845,60.885,60.52,-0.10%
"Aug 19, 2014",60.675,60.775,60.785,60.645,-0.17%
"Aug 18, 2014",60.78,60.78,60.78,60.78,0.00%
"Aug 15, 2014",60.78,60.82,60.85,60.78,0.02%
"Aug 14, 2014",60.765,61.105,61.12,60.765,-0.54%
"Aug 13, 2014",61.095,61.095,61.315,61.095,0.02%
"Aug 12, 2014",61.085,61.125,61.225,61.075,-0.15%
"Aug 11, 2014",61.175,61.085,61.265,61.025,0.05%
"Aug 08, 2014",61.145,61.245,61.745,61.135,-0.16%
"Aug 07, 2014",61.245,61.405,61.555,61.215,-0.41%
"Aug 06, 2014",61.5,61.035,61.525,61.025,1.07%
"Aug 05, 2014",60.85,60.885,61.005,60.695,-0.16%
"Aug 04, 2014",60.945,61.205,61.205,60.875,-0.44%
"Aug 01, 2014",61.215,60.755,61.225,60.7,1.09%
"Jul 31, 2014",60.555,60.245,60.565,60.205,0.82%
"Jul 30, 2014",60.065,60.245,60.245,60.052,-0.11%
"Jul 29, 2014",60.13,60.125,60.14,60.1,0.07%
"Jul 28, 2014",60.09,60.055,60.17,60.055,0.05%
"Jul 25, 2014",60.06,60.055,60.195,60.01,-0.11%
"Jul 24, 2014",60.125,59.965,60.165,59.935,0.17%
"Jul 23, 2014",60.02,60.145,60.21,59.96,-0.14%
"Jul 22, 2014",60.105,60.265,60.305,60.1,-0.23%
"Jul 21, 2014",60.245,60.285,60.34,60.165,-0.07%
"Jul 18, 2014",60.285,60.385,60.455,60.245,0.17%
"Jul 17, 2014",60.185,60.025,60.2,60.025,0.10%
"Jul 16, 2014",60.125,60.235,60.275,60.09,0.00%
"Jul 15, 2014",60.125,60.045,60.25,60.005,0.00%
"Jul 14, 2014",60.125,59.97,60.215,59.915,0.05%
"Jul 11, 2014",60.095,60.115,60.315,59.925,-0.17%
"Jul 10, 2014",60.195,59.685,60.225,59.575,0.72%
"Jul 09, 2014",59.765,59.755,59.95,59.685,0.02%
"Jul 08, 2014",59.755,59.955,60.005,59.665,-0.33%
"Jul 07, 2014",59.955,59.815,60.06,59.735,0.39%
"Jul 04, 2014",59.725,59.745,59.83,59.645,-0.03%
"Jul 03, 2014",59.74,59.675,59.85,59.53,0.08%
"Jul 02, 2014",59.692,60.035,60.095,59.59,-0.61%
"Jul 01, 2014",60.06,60.085,60.2,60.06,0.00%
"Jun 30, 2014",60.06,60.045,60.28,60.005,0.02%
"Jun 27, 2014",60.045,60.21,60.21,60.045,-0.27%
"Jun 26, 2014",60.21,60.035,60.26,60.035,0.21%
"Jun 25, 2014",60.085,60.255,60.4,60.085,-0.12%
"Jun 24, 2014",60.16,60.09,60.175,60.08,0.00%
"Jun 23, 2014",60.16,60.065,60.305,60.015,-0.02%
"Jun 20, 2014",60.175,60.235,60.345,60.135,0.13%
"Jun 19, 2014",60.095,60.225,60.225,59.855,-0.34%
"Jun 18, 2014",60.3,60.215,60.545,60.065,-0.05%
"Jun 17, 2014",60.33,60.115,60.525,60.035,0.24%
"Jun 16, 2014",60.185,59.715,60.24,59.715,0.80%
"Jun 13, 2014",59.71,59.31,59.81,59.3,0.70%
"Jun 12, 2014",59.295,59.235,59.375,59.1,-0.08%
"Jun 11, 2014",59.34,59.33,59.37,59.23,0.21%
"Jun 10, 2014",59.215,59.135,59.35,59.135,0.02%
"Jun 09, 2014",59.205,59.105,59.21,58.975,0.05%
"Jun 06, 2014",59.175,59.165,59.315,59.105,-0.14%
"Jun 05, 2014",59.26,59.28,59.37,59.195,-0.03%
"Jun 04, 2014",59.28,59.435,59.465,59.215,-0.10%
"Jun 03, 2014",59.34,59.08,59.432,59.08,0.31%
"Jun 02, 2014",59.155,59.105,59.275,59.065,-0.07%
"May 30, 2014",59.195,59.045,59.195,58.94,0.47%
"May 29, 2014",58.92,58.935,59.085,58.795,-0.04%
"May 28, 2014",58.945,58.955,59.22,58.815,-0.17%
"May 27, 2014",59.045,58.715,59.097,58.655,0.56%
"May 26, 2014",58.715,58.445,58.925,58.41,0.32%
"May 23, 2014",58.525,58.465,58.555,58.33,0.41%
"May 22, 2014",58.285,58.615,58.7,58.265,-0.70%
"May 21, 2014",58.695,58.705,58.875,58.635,0.18%
"May 20, 2014",58.59,58.595,58.825,58.525,0.37%
"May 19, 2014",58.375,58.565,58.615,58.375,-0.36%
"May 16, 2014",58.585,59.365,59.365,58.585,-1.48%
"May 15, 2014",59.465,59.415,59.615,59.1,-0.03%
"May 14, 2014",59.485,59.405,59.515,59.39,0.03%
"May 13, 2014",59.465,59.965,59.965,59.46,-0.98%
"May 12, 2014",60.055,59.905,60.115,59.513,0.15%
"May 09, 2014",59.965,60.065,60.1,59.87,0.11%
"May 08, 2014",59.9,59.965,60.1,59.88,-0.21%
"May 07, 2014",60.025,60.055,60.155,59.965,0.07%
"May 06, 2014",59.985,60.075,60.245,59.975,-0.42%
"May 05, 2014",60.24,60.09,60.25,60.008,0.09%
"May 02, 2014",60.185,60.235,60.285,60.105,-0.14%
"May 01, 2014",60.27,60.27,60.27,60.27,-0.12%
"Apr 30, 2014",60.345,60.355,60.415,60.225,-0.13%
"Apr 29, 2014",60.425,60.615,60.635,60.315,-0.37%
"Apr 28, 2014",60.65,60.605,60.74,60.433,0.01%
"Apr 25, 2014",60.645,61.055,61.15,60.543,-0.76%
"Apr 24, 2014",61.11,61.01,61.14,61.01,0.02%
"Apr 23, 2014",61.095,60.885,61.195,60.865,0.54%
"Apr 22, 2014",60.765,60.675,60.885,60.635,0.28%
"Apr 21, 2014",60.595,60.265,60.615,60.265,0.50%
"Apr 18, 2014",60.295,60.295,60.295,60.235,0.00%
"Apr 17, 2014",60.295,60.295,60.505,60.27,-0.13%
"Apr 16, 2014",60.375,60.305,60.425,60.185,0.23%
"Apr 15, 2014",60.235,60.355,60.355,60.205,-0.03%
"Apr 14, 2014",60.255,60.255,60.255,60.255,0.12%
"Apr 11, 2014",60.18,60.325,60.345,60.14,0.17%
"Apr 10, 2014",60.075,60.045,60.295,60.035,-0.12%
"Apr 09, 2014",60.145,59.975,60.155,59.825,0.09%
"Apr 08, 2014",60.09,60.13,60.15,60.03,-0.04%
"Apr 07, 2014",60.115,59.905,60.25,59.765,0.05%
"Apr 04, 2014",60.085,60.355,60.398,60.075,-0.14%
"Apr 03, 2014",60.17,59.955,60.3,59.835,0.44%
"Apr 02, 2014",59.905,59.815,59.915,59.575,-0.18%
"Apr 01, 2014",60.015,59.935,60.045,59.935,0.00%
"Mar 31, 2014",60.015,59.91,60.02,59.91,0.21%
"Mar 28, 2014",59.89,60.19,60.19,59.69,-0.59%
"Mar 27, 2014",60.245,60.245,60.355,60.125,0.17%
"Mar 26, 2014",60.145,60.305,60.305,60.065,-0.56%
"Mar 25, 2014",60.485,60.605,60.605,60.435,-0.49%
"Mar 24, 2014",60.78,60.855,60.855,60.645,-0.20%
"Mar 21, 2014",60.9,61.195,61.205,60.9,-0.72%
"Mar 20, 2014",61.34,61.39,61.39,61.07,0.60%
"Mar 19, 2014",60.975,61.085,61.185,60.925,-0.23%
"Mar 18, 2014",61.115,61.035,61.215,60.875,0.04%
"Mar 17, 2014",61.09,61.13,61.13,61.07,-0.19%
"Mar 14, 2014",61.205,61.415,61.555,61.055,0.05%
"Mar 13, 2014",61.175,61.025,61.185,60.915,-0.07%
"Mar 12, 2014",61.22,60.945,61.295,60.945,0.45%
"Mar 11, 2014",60.945,60.885,60.975,60.605,0.16%
"Mar 10, 2014",60.845,61.255,61.335,60.79,-0.39%
"Mar 07, 2014",61.085,61.015,61.175,60.945,-0.05%
"Mar 06, 2014",61.115,61.535,61.535,61.105,-1.04%
"Mar 05, 2014",61.755,61.905,61.91,61.65,-0.24%
"Mar 04, 2014",61.905,62.135,62.155,61.835,-0.23%
"Mar 03, 2014",62.045,61.955,62.09,61.815,0.40%
"Feb 28, 2014",61.795,62.105,62.14,61.755,-0.32%
"Feb 27, 2014",61.995,61.995,61.995,61.995,0.02%
"Feb 26, 2014",61.985,61.965,62.055,61.885,0.00%
"Feb 25, 2014",61.985,61.985,62.05,61.86,-0.14%
"Feb 24, 2014",62.075,62.105,62.16,61.945,-0.10%
"Feb 21, 2014",62.14,62.19,62.19,62.055,-0.16%
"Feb 20, 2014",62.24,62.38,62.45,62.213,0.00%
"Feb 19, 2014",62.24,62.2,62.24,62.2,0.10%
"Feb 18, 2014",62.18,62.02,62.31,61.96,0.54%
"Feb 17, 2014",61.845,61.965,62.085,61.825,-0.02%
"Feb 14, 2014",61.855,62.245,62.37,61.845,-0.91%
"Feb 13, 2014",62.425,62.005,62.465,62.005,0.53%
"Feb 12, 2014",62.095,62.105,62.185,62.045,-0.21%
"Feb 11, 2014",62.225,62.355,62.455,62.19,-0.37%
"Feb 10, 2014",62.455,62.375,62.505,62.09,0.24%
"Feb 07, 2014",62.305,62.305,62.415,62.25,-0.12%
"Feb 06, 2014",62.38,62.37,62.55,62.36,-0.35%
"Feb 05, 2014",62.6,62.39,62.62,62.36,0.11%
"Feb 04, 2014",62.53,62.655,62.835,62.487,-0.06%
"Feb 03, 2014",62.565,62.705,62.79,62.555,-0.19%
"Jan 31, 2014",62.685,62.405,62.755,62.355,0.19%
"Jan 30, 2014",62.565,62.905,62.905,62.545,0.14%
"Jan 29, 2014",62.475,62.345,62.59,62.115,-0.16%
"Jan 28, 2014",62.575,63.195,63.195,62.515,-0.84%
"Jan 27, 2014",63.105,62.885,63.325,62.655,0.65%
"Jan 24, 2014",62.695,61.945,62.745,61.945,1.23%
"Jan 23, 2014",61.933,61.815,62.05,61.815,0.18%
"Jan 22, 2014",61.82,61.905,62.025,61.716,-0.11%
"Jan 21, 2014",61.885,61.545,61.945,61.455,0.42%
"Jan 20, 2014",61.625,61.675,61.675,61.53,0.13%
"Jan 17, 2014",61.545,61.485,61.555,61.32,0.01%
"Jan 16, 2014",61.54,61.655,61.71,61.51,-0.06%
"Jan 15, 2014",61.58,61.67,61.72,61.43,0.15%
"Jan 14, 2014",61.49,61.49,61.49,61.49,-0.06%
"Jan 13, 2014",61.525,61.605,61.64,61.425,-0.62%
"Jan 10, 2014",61.907,62.005,62.005,61.825,-0.30%
"Jan 09, 2014",62.095,62.125,62.245,61.975,-0.11%
"Jan 08, 2014",62.165,62.215,62.282,62.085,-0.22%
"Jan 07, 2014",62.305,62.405,62.475,62.295,-0.02%
"Jan 06, 2014",62.315,62.355,62.465,62.225,0.20%
"Jan 03, 2014",62.19,62.347,62.565,62.155,-0.13%
"Jan 02, 2014",62.27,61.892,62.415,61.755,0.58%
"Jan 01, 2014",61.91,61.828,61.995,61.81,0.16%
"Dec 31, 2013",61.81,61.802,62.015,61.718,-0.18%
"Dec 30, 2013",61.92,61.998,62.17,61.779,-0.03%
"Dec 27, 2013",61.94,62.145,62.175,61.845,-0.37%
"Dec 26, 2013",62.17,61.78,62.17,61.77,0.60%
"Dec 25, 2013",61.8,61.8,61.8,61.8,0.07%
"Dec 24, 2013",61.755,61.79,61.975,61.714,-0.34%
"Dec 23, 2013",61.963,62.108,62.15,61.79,-0.06%
"Dec 20, 2013",62,62.415,62.465,61.93,-0.24%
"Dec 19, 2013",62.15,62.01,62.49,62.01,0.08%
"Dec 18, 2013",62.1,61.91,62.203,61.79,0.13%
"Dec 17, 2013",62.02,61.69,62.04,61.69,0.45%
"Dec 16, 2013",61.74,62.06,62.22,61.625,-0.73%
"Dec 13, 2013",62.195,62.11,62.297,62.05,0.61%
"Dec 12, 2013",61.82,61.61,61.94,61.431,0.92%
"Dec 11, 2013",61.255,61.017,61.435,61.017,0.34%
"Dec 10, 2013",61.05,60.99,61.305,60.949,-0.15%
"Dec 09, 2013",61.14,60.84,61.22,60.84,-0.48%
"Dec 06, 2013",61.435,61.645,61.727,61.273,-0.53%
"Dec 05, 2013",61.763,61.96,61.96,61.534,-0.48%
"Dec 04, 2013",62.06,62.38,62.543,61.912,-0.50%
"Dec 03, 2013",62.37,62.315,62.455,62.206,0.07%
"Dec 02, 2013",62.325,62.36,62.36,61.921,-0.12%
"Nov 29, 2013",62.399,62.315,62.655,62.205,0.19%
"Nov 28, 2013",62.282,62.4,62.568,62.27,0.21%
"Nov 27, 2013",62.15,62.475,62.475,62.15,-0.58%
"Nov 26, 2013",62.51,62.398,62.658,62.198,0.00%
"Nov 25, 2013",62.51,62.66,62.7,62.347,-0.36%
"Nov 22, 2013",62.733,63.042,63.095,62.733,-0.33%
"Nov 21, 2013",62.94,62.51,63.065,62.51,0.58%
"Nov 20, 2013",62.58,62.257,62.69,62.245,0.34%
"Nov 19, 2013",62.37,62.165,62.39,61.88,-0.08%
"Nov 18, 2013",62.42,62.825,62.92,62.38,-0.89%
"Nov 15, 2013",62.98,63.1,63.262,62.975,-0.22%
"Nov 14, 2013",63.12,63.31,63.35,62.96,-0.30%
"Nov 13, 2013",63.31,63.74,63.91,63.212,-0.64%
"Nov 12, 2013",63.72,63.25,63.85,63.25,0.75%
"Nov 11, 2013",63.245,62.985,63.502,62.92,1.22%
"Nov 08, 2013",62.48,62.402,62.834,62.402,0.10%
"Nov 07, 2013",62.42,62.35,62.763,62.325,0.03%
"Nov 06, 2013",62.4,62.01,62.542,61.825,1.24%
"Nov 05, 2013",61.635,61.75,61.96,61.62,-0.19%
"Nov 04, 2013",61.75,61.75,61.75,61.75,0.00%
"Nov 01, 2013",61.75,61.51,62.025,61.51,0.20%
"Oct 31, 2013",61.624,61.275,61.63,61.245,0.59%
"Oct 30, 2013",61.26,61.38,61.615,61.09,-0.28%
"Oct 29, 2013",61.43,61.535,61.735,61.321,-0.02%
"Oct 28, 2013",61.445,61.415,61.605,61.37,-0.03%
"Oct 25, 2013",61.465,61.465,61.805,61.37,-0.01%
"Oct 24, 2013",61.47,61.6,61.695,61.314,-0.26%
"Oct 23, 2013",61.63,61.66,61.727,61.085,-0.04%
"Oct 22, 2013",61.655,61.63,61.845,61.535,0.12%
"Oct 21, 2013",61.58,61.355,61.595,61.345,0.56%
"Oct 18, 2013",61.24,61.2,61.72,60.94,0.16%
"Oct 17, 2013",61.14,61.56,61.74,61.14,-0.96%
"Oct 16, 2013",61.735,61.765,61.765,61.735,-0.17%
"Oct 15, 2013",61.84,61.275,61.95,61.275,0.46%
"Oct 14, 2013",61.555,61.155,61.555,61.13,0.88%
"Oct 11, 2013",61.02,61.21,61.38,60.96,-0.55%
"Oct 10, 2013",61.36,61.83,62.295,61.25,-0.84%
"Oct 09, 2013",61.88,62.11,62.31,61.73,-0.12%
"Oct 08, 2013",61.955,61.795,61.955,61.625,0.26%
"Oct 07, 2013",61.795,61.505,61.955,61.495,0.59%
"Oct 04, 2013",61.435,61.855,61.945,61.255,-0.49%
"Oct 03, 2013",61.735,62.425,62.425,61.65,-1.16%
"Oct 02, 2013",62.46,62.46,62.46,62.46,0.00%
"Oct 01, 2013",62.46,62.56,62.57,62.165,-0.21%
"Sep 30, 2013",62.59,62.995,63.045,62.505,0.12%
"Sep 27, 2013",62.515,62.075,62.575,61.773,0.71%
"Sep 26, 2013",62.075,62.435,62.435,61.98,-0.59%
"Sep 25, 2013",62.445,62.765,62.885,62.325,-0.55%
"Sep 24, 2013",62.79,62.61,62.915,62.45,0.30%
"Sep 23, 2013",62.605,62.255,62.725,62.255,0.59%
"Sep 20, 2013",62.235,62.045,62.615,61.885,0.74%
"Sep 19, 2013",61.775,61.755,62.065,61.65,-2.54%
"Sep 18, 2013",63.385,63.305,63.455,63.055,0.02%
"Sep 17, 2013",63.375,63.355,63.635,62.955,0.86%
"Sep 16, 2013",62.835,62.705,62.885,62.445,-0.86%
"Sep 13, 2013",63.38,63.755,64.185,63.36,-0.08%
"Sep 12, 2013",63.43,63.265,63.985,62.925,0.24%
"Sep 11, 2013",63.275,63.905,64.215,63.005,-0.89%
"Sep 10, 2013",63.845,64.405,64.545,63.765,-2.15%
"Sep 09, 2013",65.245,65.245,65.245,65.245,0.00%
"Sep 06, 2013",65.245,66.005,66.295,65.005,-1.17%
"Sep 05, 2013",66.015,67.005,67.005,65.535,-1.57%
"Sep 04, 2013",67.07,68.305,68.605,66.815,-0.84%
"Sep 03, 2013",67.635,66.295,68.255,66.255,2.47%
"Sep 02, 2013",66.005,66.105,66.305,65.685,0.46%
"Aug 30, 2013",65.705,67.085,67.435,65.695,-1.28%
"Aug 29, 2013",66.555,66.915,67.875,66.515,-3.27%
"Aug 28, 2013",68.805,66.905,68.805,66.905,3.76%
"Aug 27, 2013",66.31,64.99,66.31,64.99,3.13%
"Aug 26, 2013",64.3,63.7,64.73,63.648,1.73%
"Aug 23, 2013",63.205,64.325,64.765,63.205,-2.09%
"Aug 22, 2013",64.555,64.805,65.565,64.545,0.69%
"Aug 21, 2013",64.115,63.125,64.55,63.115,1.57%
"Aug 20, 2013",63.125,63.735,64.125,63.125,-0.02%
"Aug 19, 2013",63.14,62.36,63.23,62.235,2.39%
"Aug 16, 2013",61.665,61.365,62.015,61.335,0.39%
"Aug 15, 2013",61.425,61.445,61.529,61.242,0.23%
"Aug 14, 2013",61.284,61.19,61.57,61.15,-0.09%
"Aug 13, 2013",61.337,61.07,61.67,60.894,0.35%
"Aug 12, 2013",61.125,60.495,61.31,60.495,0.73%
"Aug 09, 2013",60.68,60.68,60.68,60.68,-0.08%
"Aug 08, 2013",60.731,61.19,61.41,60.705,-0.78%
"Aug 07, 2013",61.21,61.14,61.471,60.933,0.69%
"Aug 06, 2013",60.79,60.882,61.876,60.78,-0.12%
"Aug 05, 2013",60.86,61.03,61.03,60.725,-0.40%
"Aug 02, 2013",61.105,60.445,61.185,60.445,0.89%
"Aug 01, 2013",60.565,60.765,60.915,60.24,-0.48%
"Jul 31, 2013",60.855,60.715,61.2,60.36,0.07%
"Jul 30, 2013",60.815,59.505,60.845,59.422,2.12%
"Jul 29, 2013",59.555,58.955,59.555,58.955,0.86%
"Jul 26, 2013",59.046,59.01,59.142,58.706,0.14%
"Jul 25, 2013",58.965,59.137,59.385,58.74,-0.49%
"Jul 24, 2013",59.255,59.765,59.765,58.96,-0.85%
"Jul 23, 2013",59.76,59.725,59.88,59.5,0.06%
"Jul 22, 2013",59.725,59.305,59.735,59.285,0.65%
"Jul 19, 2013",59.34,59.73,59.87,59.305,-0.68%
"Jul 18, 2013",59.745,59.275,59.791,59.255,0.70%
"Jul 17, 2013",59.33,59.245,59.585,59.05,0.05%
"Jul 16, 2013",59.3,59.19,59.5,59.1,-0.86%
"Jul 15, 2013",59.815,59.945,60.09,59.78,-0.13%
"Jul 12, 2013",59.891,59.76,60.21,59.56,0.10%
"Jul 11, 2013",59.834,59.815,59.99,59.335,-0.10%
"Jul 10, 2013",59.895,60.065,60.225,59.65,-0.34%
"Jul 09, 2013",60.102,59.81,60.49,59.72,-0.98%
"Jul 08, 2013",60.695,60.935,61.225,60.605,0.77%
"Jul 05, 2013",60.23,60.195,60.6,60.015,0.26%
"Jul 04, 2013",60.075,60.045,60.409,59.915,-0.25%
"Jul 03, 2013",60.226,59.875,60.456,59.865,1.13%
"Jul 02, 2013",59.555,59.385,59.73,59.185,0.29%
"Jul 01, 2013",59.385,59.47,59.603,58.966,-0.25%
"Jun 28, 2013",59.533,60.11,60.11,59.21,-1.10%
"Jun 27, 2013",60.195,60.625,60.63,60.105,-0.86%
"Jun 26, 2013",60.72,59.605,60.765,59.605,1.77%
"Jun 25, 2013",59.665,59.765,59.795,59.435,-0.25%
"Jun 24, 2013",59.815,59.6,59.84,59.545,0.91%
"Jun 21, 2013",59.275,59.525,59.785,59.15,-0.50%
"Jun 20, 2013",59.575,59.615,59.98,59.505,1.46%
"Jun 19, 2013",58.72,58.765,58.925,58.62,-0.21%
"Jun 18, 2013",58.845,58.015,58.885,58.015,1.26%
"Jun 17, 2013",58.11,57.7,58.11,57.56,1.05%
"Jun 14, 2013",57.505,57.965,57.965,57.41,-0.86%
"Jun 13, 2013",58.005,58.115,58.575,57.935,0.29%
"Jun 12, 2013",57.835,58.285,58.398,57.735,-0.87%
"Jun 11, 2013",58.34,58.11,58.99,58.03,0.32%
"Jun 10, 2013",58.155,57.255,58.16,57.162,1.91%
"Jun 07, 2013",57.065,56.845,57.135,56.688,0.24%
"Jun 06, 2013",56.93,56.73,57.01,56.69,0.13%
"Jun 05, 2013",56.855,56.45,56.855,56.315,0.64%
"Jun 04, 2013",56.495,56.665,56.75,56.415,-0.32%
"Jun 03, 2013",56.675,56.515,56.84,56.43,0.17%
"May 31, 2013",56.58,56.29,56.77,56.29,0.35%
"May 30, 2013",56.385,56.205,56.47,56.045,0.14%
"May 29, 2013",56.305,56.015,56.415,56.015,0.34%
"May 28, 2013",56.115,55.705,56.135,55.645,0.98%
"May 27, 2013",55.573,55.755,55.785,55.525,-0.44%
"May 24, 2013",55.82,55.65,55.83,55.455,0.19%
"May 23, 2013",55.715,55.615,56.025,55.555,0.10%
"May 22, 2013",55.66,55.418,55.67,55.31,0.41%
"May 21, 2013",55.435,55.115,55.485,54.955,0.72%
"May 20, 2013",55.04,55.06,55.145,54.958,0.26%
"May 17, 2013",54.895,54.805,55.007,54.79,0.20%
"May 16, 2013",54.785,54.765,54.91,54.66,0.00%
"May 15, 2013",54.785,54.785,54.915,54.655,-0.04%
"May 14, 2013",54.805,54.765,54.84,54.55,-0.05%
"May 13, 2013",54.835,54.913,55.035,54.715,0.05%
"May 10, 2013",54.81,54.25,54.9,54.25,0.82%
"May 09, 2013",54.365,54.165,54.365,54.032,0.52%
"May 08, 2013",54.085,54.14,54.22,54.02,0.04%
"May 07, 2013",54.065,54.18,54.37,54.035,-0.13%
"May 06, 2013",54.135,53.815,54.255,53.785,0.60%
"May 03, 2013",53.81,53.83,54.07,53.77,-0.05%
"May 02, 2013",53.835,53.745,53.965,53.675,0.32%
"May 01, 2013",53.665,53.815,53.815,53.645,-0.04%
"Apr 30, 2013",53.685,54.235,54.255,53.655,-0.94%
"Apr 29, 2013",54.195,54.413,54.413,54.173,-0.34%
"Apr 26, 2013",54.38,54.225,54.445,54.082,0.51%
"Apr 25, 2013",54.105,54.285,54.285,54.105,-0.29%
"Apr 24, 2013",54.26,54.38,54.38,54.162,-0.09%
"Apr 23, 2013",54.31,54.14,54.43,54.09,0.18%
"Apr 22, 2013",54.21,53.93,54.25,53.93,0.50%
"Apr 19, 2013",53.94,53.96,54.043,53.85,-0.17%
"Apr 18, 2013",54.03,54.22,54.258,53.91,-0.28%
"Apr 17, 2013",54.18,54.16,54.25,53.77,0.39%
"Apr 16, 2013",53.97,54.64,54.64,53.97,-1.06%
"Apr 15, 2013",54.55,54.608,54.805,54.38,0.06%
"Apr 12, 2013",54.52,54.31,54.665,54.31,0.40%
"Apr 11, 2013",54.305,54.52,54.52,54.255,-0.21%
"Apr 10, 2013",54.42,54.59,54.59,54.4,-0.11%
"Apr 09, 2013",54.48,54.57,54.665,54.41,-0.24%
"Apr 08, 2013",54.61,54.798,54.85,54.49,-0.36%
"Apr 05, 2013",54.81,54.815,54.918,54.685,-0.15%
"Apr 04, 2013",54.89,54.44,54.95,54.35,0.66%
"Apr 03, 2013",54.53,54.378,54.54,54.31,0.18%
"Apr 02, 2013",54.43,54.3,54.46,54.25,0.48%
"Apr 01, 2013",54.17,54.27,54.27,54.17,-0.21%
"Mar 29, 2013",54.285,54.285,54.285,54.285,0.00%
"Mar 28, 2013",54.285,54.385,54.475,54.27,-0.27%
"Mar 27, 2013",54.43,54.37,54.49,54.28,-0.09%
"Mar 26, 2013",54.48,54.17,54.52,54.16,0.33%
"Mar 25, 2013",54.3,54.36,54.36,54.06,-0.09%
"Mar 22, 2013",54.35,54.29,54.435,54.256,-0.18%
"Mar 21, 2013",54.45,54.35,54.46,54.195,0.22%
"Mar 20, 2013",54.33,54.375,54.57,54.265,-0.31%
"Mar 19, 2013",54.5,54.07,54.53,53.9,0.78%
"Mar 18, 2013",54.08,54.01,54.35,54.01,0.09%
"Mar 15, 2013",54.03,54.355,54.355,53.98,-0.29%
"Mar 14, 2013",54.185,54.405,54.525,54.165,-0.34%
"Mar 13, 2013",54.37,54.16,54.45,54.02,0.41%
"Mar 12, 2013",54.15,54.415,54.428,54.075,-0.35%
"Mar 11, 2013",54.34,54.33,54.531,54.172,-0.02%
"Mar 08, 2013",54.35,54.56,54.573,54.275,-0.20%
"Mar 07, 2013",54.46,54.725,54.91,54.43,-0.64%
"Mar 06, 2013",54.81,54.92,54.92,54.62,-0.26%
"Mar 05, 2013",54.955,54.865,54.955,54.615,-0.01%
"Mar 04, 2013",54.96,54.89,55.14,54.8,0.10%
"Mar 01, 2013",54.905,54.365,54.945,54.305,0.98%
"Feb 28, 2013",54.37,53.865,54.52,53.605,0.94%
"Feb 27, 2013",53.865,54.04,54.095,53.62,-0.43%
"Feb 26, 2013",54.1,53.88,54.28,53.815,0.19%
"Feb 25, 2013",54,54.275,54.305,53.84,-0.52%
"Feb 22, 2013",54.28,54.415,54.555,54.16,-0.36%
"Feb 21, 2013",54.475,54.08,54.615,54.08,0.74%
"Feb 20, 2013",54.075,54.185,54.24,54.02,-0.10%
"Feb 19, 2013",54.13,54.195,54.328,54.13,-0.25%
"Feb 18, 2013",54.265,54.215,54.455,54.155,-0.11%
"Feb 15, 2013",54.325,53.93,54.355,53.805,0.61%
"Feb 14, 2013",53.995,53.848,54.035,53.665,0.32%
"Feb 13, 2013",53.825,53.855,53.92,53.69,0.06%
"Feb 12, 2013",53.795,53.86,54.1,53.745,-0.32%
"Feb 11, 2013",53.965,53.515,53.985,53.515,0.69%
"Feb 08, 2013",53.595,53.235,53.685,53.165,0.70%
"Feb 07, 2013",53.225,53.065,53.33,53.045,0.12%
"Feb 06, 2013",53.16,53.14,53.265,52.885,0.24%
"Feb 05, 2013",53.035,53.215,53.415,53.005,-0.48%
"Feb 04, 2013",53.29,53.155,53.345,52.915,0.23%
"Feb 01, 2013",53.17,53.225,53.415,53.165,-0.20%
"Jan 31, 2013",53.275,53.32,53.39,53.075,0.06%
"Jan 30, 2013",53.245,53.775,53.775,53.195,-0.76%
"Jan 29, 2013",53.655,54.035,54.035,53.555,-0.74%
"Jan 28, 2013",54.055,53.665,54.055,53.665,0.47%
"Jan 25, 2013",53.8,53.695,53.88,53.645,0.17%
"Jan 24, 2013",53.71,53.74,53.9,53.6,0.07%
"Jan 23, 2013",53.675,53.815,53.885,53.558,-0.09%
"Jan 22, 2013",53.725,53.76,53.89,53.38,-0.09%
"Jan 21, 2013",53.775,53.715,53.96,53.595,0.06%
"Jan 18, 2013",53.745,54.285,54.285,53.715,-1.12%
"Jan 17, 2013",54.355,54.695,54.78,54.195,-0.57%
"Jan 16, 2013",54.665,54.625,54.9,54.475,0.11%
"Jan 15, 2013",54.605,54.505,54.707,54.315,0.15%
"Jan 14, 2013",54.525,54.77,54.835,54.42,-0.64%
"Jan 11, 2013",54.875,54.57,54.885,54.36,0.83%
"Jan 10, 2013",54.425,54.76,54.855,54.425,-0.70%
"Jan 09, 2013",54.81,55,55.095,54.725,-0.28%
"Jan 08, 2013",54.965,55.165,55.395,54.935,-0.47%
"Jan 07, 2013",55.225,55.04,55.345,54.825,0.52%
"Jan 04, 2013",54.94,54.46,55.185,54.36,0.80%
"Jan 03, 2013",54.505,54.355,54.615,54.175,0.49%
"Jan 02, 2013",54.24,54.688,54.688,54.24,-0.81%
"Jan 01, 2013",54.685,54.995,54.995,54.665,-0.56%
,Highest:68.909,Lowest:52.885,Difference:16.024,Average:63.217,Change %:17.431
